Name,Nat,Club,League,Position,Age,Preferred_foot,Height,Starts,Sub_Apps,Apps,Mins,Transfer_Value,Wage_per_week,Asking_Price,Gls,Ast,Drb,Shots,Hdrs_A,Hdrs,Pres_A,Pres_C,Tck_A,Tck_W,K_Tck,Blk,Shts_Blckd,Itc,Clear,Clean_sheets,Pas_Completion_rate,Pro_Passes,Pas_A,K_Pas,CCC,Cr_A,Cr_C,Off,Gl_Mst,Sprints_90,Distance_km,Pens,Pens_Scored,Yel,Red,xG,xA
Conor Coventry,IRL,Cardiff,Sky Bet Championship,DM,32,Right,5.1,11,21,32,1378,£110K 0 £1.1M,18000,N/A,1,1,7,10,88,34,254,97,63,46,1,8,7,35,32,0,82%,45,582,13,4,7,1,0,0,11.8,202.1,0,0,3,0,0.49,0.81
Darren Charles,TRI,Blackburn,Sky Bet Championship,DC,22,Left,5.5,0,1,1,19,£1.9M 0 £3.7M,17500,N/A,0,0,0,0,2,0,3,2,0,0,0,0,0,0,0,0,92%,1,12,0,0,0,0,0,0,0,3,0,0,0,0,0,0
Nathan Wood,ENG,Cardiff,Sky Bet Championship,DC,29,Right,6.2,8,19,27,1022,£2M,16750,2,0,1,3,6,154,123,88,38,26,20,5,23,17,33,22,0,57%,43,572,4,2,7,2,2,1,6.8,142.1,0,0,6,0,0.39,0.48
Harry Clarke,ENG,Sunderland,Sky Bet Championship,DC,31,Right,6.2,1,8,9,221,£1.2M,16250,1.2,0,0,3,4,22,16,32,10,8,6,0,1,1,10,3,0,81%,8,149,1,0,2,0,0,0,11,33,0,0,0,1,0.09,0
Dujon Sterling,ENG,Birmingham,Sky Bet Championship,DC,32,Right,5.1,0,3,3,37,£220K,16000,0.22,0,0,1,0,5,3,1,0,3,1,0,2,2,2,0,0,91%,0,11,0,0,3,0,0,0,0,6.4,0,0,0,0,0,0
Scott High,SCO,Huddersfield,Sky Bet Championship,WBR,31,Right,5.1,0,10,10,159,£1.5M,15500,1.5,0,0,3,2,12,4,30,12,7,6,0,1,1,6,4,0,90%,6,82,1,0,1,0,0,0,19.3,27,0,0,0,0,0.03,0.01
Jeremy Tisserand,FRA,Huddersfield,Sky Bet Championship,AML,23,Either,5.1,8,20,28,990,£3.5M,14500,N/A,4,1,29,20,138,53,144,48,30,23,0,3,1,7,7,0,80%,24,369,18,6,34,8,10,0,11.7,146.8,0,0,2,0,2.14,2.48
Luke Woolfenden,ENG,Bristol City,Sky Bet Championship,DC,33,Right,6.3,2,5,7,229,£40K,14250,0.04,0,0,1,0,18,5,11,5,3,3,0,3,2,8,3,0,93%,11,167,1,0,3,1,0,0,3.5,29,0,0,1,0,0,0.04
Marley Erskine,SCO,Doncaster,Sky Bet League Two,AM,23,Right,5.1,44,2,46,3629,£50K 0 £140K,14250,N/A,19,4,43,103,639,107,436,121,63,51,0,14,1,37,10,0,82%,28,987,72,12,23,7,45,0,6,468.2,0,0,3,0,12.19,6.54
Davit Khachatryan,URU,West Brom,Sky Bet Championship,DC,23,Right,6.1,1,4,5,123,£180K,14000,0.18,0,0,1,0,19,15,8,3,5,4,0,0,0,10,2,0,75%,4,99,0,0,1,0,0,0,12.4,18,0,0,0,0,0,0
Bevon Rhoden,JAM,Plymouth,English Premier Division,DC,23,Right,6.3,16,15,31,1661,£3.2M 0 £6M,13750,N/A,1,0,9,6,130,76,235,65,36,30,2,20,15,35,22,0,84%,52,1010,13,1,4,1,0,0,9.2,227.5,0,0,1,0,0.41,0.68
Salah Ali,IRQ,Aston Villa,English Premier Division,AMR,21,Right,5.1,0,0,0,0,£4.7M 0 £8.2M,13500,N/A,0,0,0,0,0,0,0,0,0,0,0,0,0,0,0,0,0%,0,0,0,0,0,0,0,0,0,0,0,0,0,0,0,0
Harry Pickering,ENG,Hull,Sky Bet Championship,DC,33,Left,6.1,37,3,40,3155,£45K 0 £130K,12750,N/A,0,3,32,11,164,80,447,156,102,81,5,46,16,96,35,0,86%,215,1921,22,2,95,8,2,1,17.2,458.1,0,0,2,0,0.52,1.19
Justin Dornebusch,GER,Darmstadt,3. Liga,AMR,24,Right,5.1,19,2,21,1797,£130K,12500,N/A,4,2,12,47,233,33,82,26,25,18,0,0,0,5,7,0,69%,11,455,12,2,5,2,7,0,2.5,112.2,0,0,0,1,7.37,0.94
Scott Berry,SCO,QPR,Sky Bet League One,AM,23,Right,5.6,22,9,31,1972,£26K 0 £275K,12500,N/A,2,2,21,35,264,45,247,67,37,20,1,9,0,20,8,0,78%,24,498,18,3,12,5,8,0,6.3,262.5,0,0,1,0,3.26,1.47
Maksims Apse,ENG,Rotherham,Sky Bet League One,WBL,23,Left,5.9,41,9,50,3720,Not for Sale,12000,N/A,2,2,77,11,200,92,401,140,103,84,6,35,8,140,67,0,85%,233,2311,43,2,85,12,10,0,13.8,522,0,0,4,0,0.73,1.21
Lewis Rose,AUS,Crystal Palace,Sky Bet Championship,GK,24,Right,6.3,44,0,44,3960,£250K 0 £2.5M,12000,N/A,0,0,0,0,0,0,0,0,9,1,0,0,0,25,0,10,42%,84,1124,1,0,0,0,0,3,0.1,208.8,0,0,0,0,0,0.13
Ben White,ENG,QPR,Sky Bet League One,AMR,22,Left,6,33,5,38,2799,£26K 0 £275K,11750,N/A,11,2,41,83,532,152,324,96,51,34,0,12,1,28,13,0,82%,22,743,24,4,32,7,32,0,6.1,333,0,0,2,0,11.14,3.21
Dean Connolly,IRL,MK Dons,Sky Bet League One,CM,22,Left,5.1,14,1,15,1128,£375K,11500,0.38,4,2,24,16,135,22,164,59,34,31,0,1,0,18,4,0,81%,18,416,12,2,13,1,7,0,10.2,163,0,0,1,0,1.49,1.07
Andy McElroy,NIR,Wigan,Sky Bet League One,WBL,23,Left,6,45,0,45,4044,£22K 0 £220K,11250,N/A,1,5,75,11,258,167,490,179,133,109,7,40,15,175,68,0,83%,254,2379,36,8,125,11,3,0,16,557.5,0,0,6,0,1.87,2.28
Eseosa Sule,SCO,Huddersfield,Sky Bet Championship,AMR,26,Right,6.4,2,10,12,350,£1.6M,11250,N/A,0,0,3,15,73,38,26,7,5,2,0,1,0,1,0,0,84%,8,129,3,0,6,2,11,0,5.4,48.2,0,0,0,0,1.27,0.04
Alan Harrison,WAL,Cardiff,Sky Bet Championship,WBL,23,Left,5.1,8,9,17,813,£120K 0 £1.2M,11000,N/A,0,0,11,2,56,17,107,31,38,28,3,10,1,38,18,0,64%,34,306,2,1,29,2,0,0,16.8,124.8,0,0,2,0,0.03,0.46
Callum Williams,ENG,Preston,Sky Bet Championship,DC,24,Left,5.1,31,0,31,2671,£22K 0 £3.7M,10750,N/A,0,1,25,10,174,92,312,120,88,68,12,28,11,100,62,0,85%,166,1544,18,2,57,7,2,2,12.4,382.8,0,0,8,0,0.17,1.71
Finley Burns,ENG,Derby,Sky Bet Championship,DC,28,Right,6.5,1,3,4,116,£70K 0 £700K,10500,N/A,0,0,0,0,10,6,9,3,6,2,0,1,0,4,3,0,81%,11,97,6,0,1,0,0,0,14,18.1,0,0,0,0,0,0.26
Corby Oldring,ENG,Plymouth,English Premier Division,DC,23,Right,6.1,15,7,22,1585,£1.1M 0 £8M,10250,N/A,0,1,5,1,175,112,76,36,26,20,5,8,16,51,36,0,84%,60,1076,4,0,3,0,1,0,4.3,197,0,0,1,0,0.06,0.81
Ardit Zeneli,KOS,Crystal Palace,Sky Bet Championship,AMR,23,Right,5.1,0,1,1,22,£4.7M,10250,4.7,0,0,0,0,4,0,1,0,0,0,0,0,0,0,0,0,50%,0,4,0,0,0,0,0,0,0,3.3,0,0,0,0,0,0
Keon Forte,ENG,Coventry,Sky Bet Championship,WBR,20,Right,6,29,2,31,2482,£80K 0 £800K,10250,N/A,0,3,73,7,180,128,345,120,94,76,6,24,10,81,76,0,84%,139,1901,18,4,35,2,1,1,12.2,349.7,0,0,9,0,0.37,1.63
Stephen Gold,IRL,Birmingham,Sky Bet Championship,AM,24,Right,5.1,52,0,52,4237,£6.8M,10250,N/A,23,1,78,99,671,56,469,150,65,48,2,11,3,57,17,0,87%,25,726,28,5,36,7,57,0,6.6,563,0,0,3,0,19.08,2.07
Jordan Williams,ENG,Barnsley,Sky Bet League One,DC,32,Right,5.1,42,1,43,3516,£700K 0 £1.5M,9750,N/A,2,6,71,25,231,178,341,112,80,61,2,32,27,159,50,0,82%,138,1776,36,5,196,22,4,0,16.1,486.3,0,0,3,0,3.04,3.55
Harry Leonard,ENG,Forest Green,Sky Bet Championship,AML,28,Right,5.1,43,2,45,3335,£500K,9500,N/A,5,4,78,57,474,215,634,196,99,81,4,31,8,64,18,0,79%,87,1257,36,7,50,6,22,2,10.9,481.6,0,0,1,0,4.81,2.97
Jack Fletcher,ENG,Hull,Sky Bet Championship,DC,20,Right,6.8,6,15,21,778,£24K 0 £240K,9500,N/A,0,0,1,9,105,73,49,16,15,12,3,11,10,28,24,0,83%,42,613,5,1,3,1,0,1,6.7,103.6,0,0,1,1,0.71,0.22
Mehmet Eraydin,TUR,Slavia Sofia,Bulgarian First League,AMR,24,Right,6.2,26,1,27,2320,Not for Sale,9000,N/A,4,0,57,64,145,65,218,53,50,35,0,7,0,25,12,0,74%,30,771,17,3,51,9,6,0,5.7,186.5,0,0,3,1,6.11,1.89
Jason Perry,WAL,Brighton,Sky Bet Championship,DC,23,Right,6.2,0,1,1,0,£1.1M 0 £4.6M,8750,N/A,0,0,0,0,1,0,0,0,0,0,0,0,0,0,0,0,100%,0,4,0,0,0,0,0,0,0,0.4,0,0,0,0,0,0
Roddy MacGregor,SCO,Charlton,Sky Bet League One,DM,30,Right,6,37,11,48,3234,£1.6M,8500,1.6,6,2,33,48,317,100,507,142,77,54,3,20,2,78,17,0,84%,132,1567,42,8,21,1,2,0,9,456.4,0,0,1,0,4.76,4.43
Archie Buck,ENG,Bolton,Sky Bet League Two,DM,20,Right,6.5,16,1,17,1391,Not for Sale,8500,N/A,4,0,16,18,103,46,229,57,27,23,0,11,0,28,10,0,86%,61,814,32,5,7,1,1,0,9.8,195.4,0,0,2,0,2.39,1.17
James Connolly,WAL,Bristol Rovers,Sky Bet League One,DC,30,Right,5.1,44,0,44,3865,£1.2M 0 £2.5M,8000,N/A,1,1,5,20,471,332,197,74,58,47,10,26,26,137,57,0,80%,186,2628,13,6,2,0,1,0,4.4,470.9,0,0,6,0,2.64,1.43
Sonny Finch,ENG,Forest Green,Sky Bet Championship,CM,26,Right,5.9,34,13,47,3067,£150K 0 £1.5M,8000,N/A,9,3,61,62,719,240,411,107,56,45,0,13,3,40,14,0,79%,41,1057,35,11,30,8,63,0,7.3,437.8,0,0,8,0,8.12,3.82
Lance Cherundolo,USA,Everton,English Premier Division,CM,21,Left,5.8,0,0,0,0,£40K 0 £375K,8000,N/A,0,0,0,0,0,0,0,0,0,0,0,0,0,0,0,0,0%,0,0,0,0,0,0,0,0,0,0,0,0,0,0,0,0
Errol Somersall,ENG,Middlesbrough,Sky Bet Championship,GK,24,Right,6,48,0,48,4320,£65K 0 £650K,8000,N/A,0,0,0,0,0,0,0,0,3,0,2,0,0,29,0,19,43%,106,1145,1,0,0,0,0,9,0.1,292.5,0,0,0,0,0,0.44
Micah Hamilton,ENG,Bristol Rovers,Sky Bet League One,CM,28,Right,5.1,37,6,43,2617,£70K 0 £4.3M,8000,N/A,5,3,70,60,313,131,469,136,88,67,1,18,1,43,12,0,78%,65,894,53,6,132,19,11,0,10.4,356.9,0,0,4,0,5.31,4.53
Tim Iroegbunam,ENG,Forest Green,Sky Bet Championship,DM,28,Right,6,39,7,46,3421,£50K 0 £500K,7750,N/A,0,2,44,33,261,190,581,189,137,97,5,25,17,91,43,0,83%,187,1954,29,3,27,5,1,1,8,478.7,0,0,9,0,1.7,2.45
Adam Morrice,SCO,St. Mirren,cinch Championship,DC,21,Right,5.7,32,0,32,2880,Not for Sale,7750,N/A,1,3,17,16,160,66,421,125,81,70,0,16,10,44,12,0,85%,126,1674,40,3,10,0,2,0,10.6,401.4,0,0,5,0,1.49,2.68
George Thomason,ENG,Huddersfield,Sky Bet Championship,DM,31,Left,5.1,31,12,43,2835,£500K 0 £1.1M,7750,N/A,3,2,19,24,139,50,431,140,83,59,0,23,10,59,27,0,86%,173,2025,26,7,10,2,0,0,10.9,413.1,0,0,2,0,0.72,1.66
Craig Lewis,ENG,Watford,Sky Bet League One,CM,21,Left,6,2,22,24,495,£250K 0 £2.6M,7750,N/A,0,3,12,24,146,42,70,19,13,12,0,0,0,5,7,0,87%,4,149,4,2,4,1,13,0,5.5,71.7,0,0,0,0,1.85,1.37
Ulrich Kaiser,BIH,Brighton,Sky Bet Championship,AMR,22,Left,5.1,0,0,0,0,Not for Sale,7750,N/A,0,0,0,0,0,0,0,0,0,0,0,0,0,0,0,0,0%,0,0,0,0,0,0,0,0,0,0,0,0,0,0,0,0
David Hall,ENG,Sheff Utd,Sky Bet Championship,WBR,22,Right,5.8,2,11,13,320,£350K 0 £6M,7750,N/A,0,0,11,1,21,7,56,24,12,6,0,3,0,20,5,0,75%,18,132,5,1,37,2,0,0,22.2,53.3,0,0,0,0,0.05,0.31
Ewan Rogers,ENG,Brighton,Sky Bet Championship,CM,20,Right,5.1,0,0,0,0,£85K 0 £850K,7500,N/A,0,0,0,0,0,0,0,0,0,0,0,0,0,0,0,0,0%,0,0,0,0,0,0,0,0,0,0,0,0,0,0,0,0
Abraham Viktor Rufai,NGA,Plymouth,English Premier Division,CM,23,Left,6.1,0,16,16,460,£210K 0 £2.1M,7500,N/A,0,0,12,1,42,14,83,21,16,16,0,2,0,7,2,0,78%,13,155,7,0,19,1,4,0,9.6,62,0,0,1,0,0.12,0
Reece Welch,JAM,Blackburn,Sky Bet Championship,DC,28,Right,6.3,0,2,2,33,£240K,7250,0.24,0,0,0,0,6,4,2,0,0,0,0,0,0,1,0,0,78%,0,27,0,0,0,0,0,0,0,4.4,0,0,0,0,0,0
Dan Happe,ENG,Huddersfield,Sky Bet Championship,DC,33,Left,6.5,4,12,16,514,£0 0 £30K,7250,N/A,0,0,1,0,60,51,24,12,8,7,1,5,4,19,6,0,81%,20,361,0,0,0,0,0,0,7.4,65.6,0,0,3,0,0,0
David Helme,ENG,Burnley,Sky Bet Championship,AM,20,Right,6.6,0,0,0,0,£14.5M 0 £18M,7250,N/A,0,0,0,0,0,0,0,0,0,0,0,0,0,0,0,0,0%,0,0,0,0,0,0,0,0,0,0,0,0,0,0,0,0
Ali ?ent√ºrk,GER,Reading,Sky Bet Championship,DC,23,Right,6.3,9,11,20,952,£100K 0 £1M,7250,N/A,1,1,2,6,151,132,77,30,27,23,6,13,11,48,26,0,59%,41,629,3,0,2,0,0,0,3.9,122.8,0,0,2,0,0.54,0.26
Femi Azeez,NGA,Millwall,Sky Bet Championship,AMR,30,Left,5.1,6,25,31,818,£22K,7250,0.02,2,1,31,10,105,37,162,44,35,27,0,8,4,19,6,0,76%,23,353,9,3,28,2,18,0,13.5,127.8,0,0,1,0,1.52,0.91
Emilio Lawrence,SCO,Doncaster,Sky Bet League Two,CM,26,Right,6,22,20,42,2139,£18K 0 £180K,7250,N/A,7,4,63,40,231,75,305,88,56,45,1,9,0,25,8,0,81%,42,775,26,6,45,6,12,0,8.4,297.8,0,0,1,0,5.63,3.58
Myles Cristofaro,ENG,Birmingham,Sky Bet Championship,CM,23,Right,6.4,5,17,22,650,£3.7M,7000,N/A,3,0,25,21,63,31,114,29,23,19,0,4,0,18,3,0,75%,14,233,3,1,41,2,6,2,12.6,97,0,0,0,0,1.79,0.23
Eray Gonel,TUR,West Ham,English Premier Division,AM,22,Right,5.9,0,7,7,82,£200K 0 £600K,7000,N/A,0,0,0,1,10,2,11,2,1,1,0,0,0,1,0,0,83%,1,29,1,0,0,0,0,0,5.5,7.9,0,0,1,0,0,0
Benicio Baker,GHA,Forest Green,Sky Bet Championship,AMR,28,Left,5.3,26,10,36,2326,£110K 0 £1.1M,7000,N/A,2,6,66,26,144,20,464,144,106,75,2,18,4,53,30,0,81%,56,754,44,12,190,28,5,1,13.1,342.6,1,0,5,0,2.58,4.53
Sodiq Bassey,ENG,Birmingham,Sky Bet Championship,DC,22,Right,6.1,2,7,9,320,£50K 0 £500K,7000,N/A,0,0,3,3,28,24,37,10,9,6,0,6,2,13,8,0,63%,11,155,1,1,8,0,1,0,11.8,46.8,0,0,0,0,0.08,0.4
Saidu Turay,NED,Coventry,Sky Bet Championship,WBL,24,Left,5.9,5,14,19,702,£1.1M,7000,1.1,1,1,14,11,37,7,127,38,21,15,0,6,0,15,1,0,82%,13,375,16,5,13,4,2,0,9.6,98.6,0,0,0,1,1.22,1.35
Aaron Haley,ENG,Crystal Palace,Sky Bet Championship,AMR,23,Right,5.9,0,0,0,0,£45K 0 £475K,6750,N/A,0,0,0,0,0,0,0,0,0,0,0,0,0,0,0,0,0%,0,0,0,0,0,0,0,0,0,0,0,0,0,0,0,0
Andy Harwood,ENG,Swindon,Sky Bet League One,WBL,22,Left,6,40,3,43,3404,£250K 0 £2.5M,6750,N/A,0,6,44,13,232,163,397,123,113,91,2,39,9,142,82,0,75%,169,1647,35,10,134,15,2,3,15.1,485.8,0,0,5,0,0.32,2.49
Kostas Printezis,GRE,Crystal Palace,Sky Bet Championship,CM,20,Right,6.1,0,0,0,0,£180K 0 £1.8M,6750,N/A,0,0,0,0,0,0,0,0,0,0,0,0,0,0,0,0,0%,0,0,0,0,0,0,0,0,0,0,0,0,0,0,0,0
Matt Patterson,IRL,Nottm Forest,English Premier Division,DC,23,Left,6.2,0,7,7,126,£80K 0 £800K,6750,N/A,0,0,1,0,7,4,13,6,4,4,0,2,1,5,2,0,82%,5,76,1,0,4,2,0,0,13.6,18.4,0,0,1,0,0,0
Max Gallagher,IRL,Sheff Wed,Sky Bet League One,CM,22,Right,5.1,0,4,4,44,£4.1M 0 £7.4M,6750,N/A,0,0,0,0,5,0,6,2,0,0,0,0,0,0,1,0,87%,0,15,0,0,0,0,0,0,0,5.7,0,0,0,0,0,0
Danny Quin,ENG,Norwich,Sky Bet Championship,AMR,23,Left,6,0,3,3,48,£650K,6750,N/A,0,0,0,0,3,1,8,6,1,0,0,0,0,0,0,0,74%,2,35,3,3,2,1,0,0,0,8,0,0,0,0,0,0.68
Tomas Flores,ARG,Doncaster,Sky Bet League Two,DC,23,Right,6.3,46,0,46,3891,£950K 0 £2M,6750,N/A,2,3,111,36,293,205,410,137,101,81,5,29,10,169,68,0,87%,154,2136,42,6,215,20,6,0,18.4,558,0,0,5,0,2.92,3.76
Kion Etete,ENG,Preston,Sky Bet Championship,ST,30,Right,6.4,5,12,17,477,£75K 0 £750K,6500,N/A,2,0,8,26,136,70,66,20,12,10,0,0,0,3,5,0,81%,5,174,5,0,5,2,8,0,6.6,69,0,0,0,0,2.17,0.28
Steve Croft,IRL,Forest Green,Sky Bet Championship,DC,23,Left,6.4,33,4,37,2917,£1.5K 0 £18K,6500,N/A,2,1,28,10,214,173,300,117,89,66,6,37,15,105,63,0,74%,127,1535,20,3,57,9,3,1,9.1,401.3,0,0,7,0,1.32,2.2
Ken Watson,ENG,Crewe,Sky Bet League Two,DC,22,Right,5.1,33,4,37,2894,£800K 0 £1.6M,6500,N/A,0,4,6,12,163,64,287,109,78,52,4,23,14,73,36,0,89%,197,2302,28,7,14,1,0,0,8.8,382.8,0,0,4,1,0.76,4.03
Nathan Butler,NGA,Millwall,Sky Bet Championship,CM,29,Right,5.1,10,15,25,1062,£400K,6500,0.4,2,4,39,21,120,31,133,46,40,33,0,8,3,14,6,0,81%,24,339,17,5,33,7,24,0,8.7,148.7,0,0,2,0,3.18,1.56
Stephen Brogden,GER,Watford,Sky Bet League One,WBR,23,Right,6.2,38,13,51,3656,£14K 0 £140K,6500,N/A,3,3,60,32,298,189,555,163,95,67,3,25,7,93,37,0,85%,156,2003,47,9,159,21,6,0,13.2,528.3,0,0,4,0,2.51,4.03
Cian Ashford,WAL,Forest Green,Sky Bet Championship,CM,27,Right,5.9,6,8,14,637,£22K,6250,0.02,4,0,8,8,56,10,96,28,15,11,0,2,1,12,4,0,85%,30,330,13,3,11,2,1,0,9.8,93.4,2,2,0,0,2.24,0.76
Karl Devine,ENG,Cardiff,Sky Bet Championship,DC,24,Left,6.2,0,4,4,43,£50K,6250,0.05,0,0,2,1,8,7,9,4,1,0,0,0,0,1,1,0,82%,2,39,0,0,0,0,0,0,0,7.9,0,0,0,0,0.06,0
Adrien Vidal,ENG,Stoke,English Premier Division,CM,18,Left,5.9,0,3,3,97,£2.9M 0 £5.6M,6250,N/A,0,0,2,1,11,2,13,6,3,2,0,0,0,2,0,0,85%,2,34,1,0,1,0,0,0,11.1,13,0,0,0,0,0.08,0
Mor Talla N'Diaye,ENG,Crystal Palace,Sky Bet Championship,GK,21,Right,6.2,3,0,3,270,£80K 0 £800K,6250,N/A,0,0,0,0,0,0,0,0,1,0,0,0,0,2,0,1,24%,3,71,0,0,0,0,0,0,0,12.9,0,0,0,0,0,0
Adam Woodley,ENG,Swansea,Sky Bet League One,WBR,23,Left,6,49,1,50,4330,£26K 0 £250K,6000,N/A,1,5,69,13,258,163,472,186,147,125,8,38,16,162,50,0,84%,258,2524,45,5,144,13,7,2,16.3,610.9,0,0,10,0,1.11,5.11
Chris Kelly,ROU,Universitatea Craiova,Romanian First League,DC,24,Right,6.4,1,0,1,90,£140K,6000,N/A,0,0,0,1,0,0,0,0,2,2,0,0,0,0,0,0,50%,0,20,0,0,0,0,0,0,0,0,0,0,0,0,0.1,0
Peter Howarth,ENG,Norwich,Sky Bet Championship,CM,24,Left,6,0,0,0,0,£400K,5750,N/A,0,0,0,0,0,0,0,0,0,0,0,0,0,0,0,0,0%,0,0,0,0,0,0,0,0,0,0,0,0,0,0,0,0
Bigger Kukanda,SWE,Millwall,Sky Bet Championship,WBR,23,Right,6.3,16,20,36,1623,£130K 0 £1.3M,5750,N/A,0,1,9,15,118,82,196,77,57,40,2,6,4,24,9,0,88%,169,1489,19,4,7,1,2,0,12.2,244.6,0,0,1,0,0.86,1.28
Johan Wiesemes,BEL,Burnley,Sky Bet Championship,DC,19,Left,6.1,0,2,2,112,£120K 0 £1.2M,5750,N/A,0,0,0,2,10,9,5,3,0,0,0,4,1,1,0,0,91%,7,96,0,0,0,0,0,0,11.3,14.8,0,0,1,0,0.04,0
Jahkari Russell,BER,Crystal Palace,Sky Bet Championship,DM,21,Right,5.1,0,0,0,0,£180K 0 £1.8M,5500,N/A,0,0,0,0,0,0,0,0,0,0,0,0,0,0,0,0,0%,0,0,0,0,0,0,0,0,0,0,0,0,0,0,0,0
Taylor Dodd,ENG,Birmingham,Sky Bet Championship,DC,25,Right,6,24,21,45,2501,£1.1M 0 £2.3M,5500,N/A,0,0,2,4,345,256,107,43,35,27,14,12,9,75,61,0,74%,94,1621,7,1,1,0,0,2,2.6,307.3,0,0,4,0,0.1,0.18
DeMarco Roberts,ENG,Portsmouth,Sky Bet League One,WBR,24,Either,5.7,16,3,19,1490,£275K,5500,N/A,0,0,19,4,80,39,145,48,31,25,2,23,5,57,31,0,79%,89,851,20,1,29,4,0,0,13.5,213.1,0,0,7,0,0.21,0.33
Sammy Robinson,ENG,Swansea,Sky Bet League One,DC,30,Right,5.1,14,24,38,1774,£35K 0 £325K,5500,N/A,1,4,42,16,138,87,178,61,48,40,5,11,5,79,22,0,87%,84,1049,19,3,102,8,3,1,15.7,245.4,0,0,6,0,1.23,2.31
Jaden Heskey,ENG,Bristol Rovers,Sky Bet League One,CM,26,Right,5.9,41,2,43,3393,£240K,5500,N/A,4,4,42,31,255,90,562,153,87,68,1,19,2,70,25,0,83%,140,1652,48,11,22,4,4,0,8.3,459.4,0,0,6,0,3.4,3.55
Emeric Hilligsmann,BEL,Bristol Rovers,Sky Bet League One,DC,24,Right,6,46,4,50,4056,£130K 0 £1.3M,5500,N/A,0,1,60,32,379,265,333,118,95,68,4,41,20,179,71,0,74%,144,2234,37,4,145,16,4,3,14.7,555.2,0,0,11,0,2.07,2.21
Joshua Anthony,NGA,Blackburn,Sky Bet Championship,DM,23,Right,5.1,0,1,1,15,£100K 0 £1M,5500,N/A,0,0,0,0,1,0,2,0,0,0,0,0,0,0,0,0,87%,3,15,0,0,0,0,0,0,0,2.5,0,0,0,0,0,0
Nathanael Ogbeta,NGA,Forest Green,Sky Bet Championship,DC,31,Left,6.1,32,14,46,2970,Not for Sale,5500,N/A,2,3,25,15,203,114,321,107,91,70,10,46,18,78,61,0,80%,126,1503,14,5,49,4,3,0,9.8,408.2,0,0,5,0,1.21,1.53
Mark Murphy,IRL,Sheff Utd,Sky Bet Championship,DC,22,Right,6.1,0,3,3,29,£1.5M 0 £3M,5500,N/A,0,0,1,0,0,0,1,0,1,1,1,0,0,2,1,0,88%,2,25,0,0,0,0,0,0,0,5,0,0,0,0,0,0
Ryan Fennell,ENG,Derby,Sky Bet Championship,CM,24,Right,5.8,0,1,1,20,£400K,5250,0.4,0,0,3,1,0,0,2,0,0,0,0,0,0,0,0,0,83%,0,12,0,0,0,0,1,0,0,3.5,0,0,0,0,0.23,0
Redon Shala,KOS,Crystal Palace,Sky Bet Championship,CM,22,Right,6.1,0,0,0,0,£14K 0 £130K,5250,N/A,0,0,0,0,0,0,0,0,0,0,0,0,0,0,0,0,0%,0,0,0,0,0,0,0,0,0,0,0,0,0,0,0,0
Charlie Dugdale,ENG,Sunderland,Sky Bet Championship,CM,22,Left,5.1,0,0,0,0,£0 0 £90K,5250,N/A,0,0,0,0,0,0,0,0,0,0,0,0,0,0,0,0,0%,0,0,0,0,0,0,0,0,0,0,0,0,0,0,0,0
Coby Small,ENG,Millwall,Sky Bet Championship,DC,25,Right,6,3,14,17,435,£110K 0 £325K,5250,N/A,0,0,0,1,67,52,15,8,8,5,1,4,4,20,13,0,84%,31,424,1,0,0,0,0,1,5,58.4,0,0,0,0,0,0.13
Lee Ferguson,ENG,Crystal Palace,Sky Bet Championship,DC,22,Right,6,7,10,17,726,£4.3M 0 £7.6M,5250,N/A,0,0,14,2,84,60,101,34,22,17,1,7,3,37,20,0,76%,40,425,6,0,29,2,0,0,12.4,109,0,0,3,0,0.07,0.57
Ruairi Crooks,NIR,Brighton,Sky Bet Championship,DM,23,Right,6.1,0,0,0,0,£10K 0 £28K,5250,N/A,0,0,0,0,0,0,0,0,0,0,0,0,0,0,0,0,0%,0,0,0,0,0,0,0,0,0,0,0,0,0,0,0,0
Curtis Snaith,ENG,Sheff Utd,Sky Bet Championship,CM,23,Left,5.8,2,20,22,597,£70K 0 £700K,5000,N/A,3,2,16,18,59,12,87,28,17,13,0,1,0,10,1,0,83%,15,182,9,3,26,5,7,0,10.9,91,0,0,0,0,2.04,1.32
Martin Nikolic,SWE,Reading,Sky Bet Championship,ST,20,Right,5.1,10,21,31,1211,£35K 0 £3.4M,5000,N/A,8,2,15,31,171,21,143,42,14,10,0,3,1,10,6,0,84%,16,392,22,7,28,3,16,0,5.4,168.1,0,0,0,0,5.79,2.03
Vontae Daley,JAM,Oxford,Sky Bet League One,DC,31,Right,6,45,1,46,3831,£230K 0 £650K,5000,N/A,0,6,89,26,292,187,385,122,104,85,8,34,13,153,53,0,85%,170,2166,41,13,271,18,7,0,18,540.9,0,0,1,0,2.83,5.22
Cyrus Yeganeh,ENG,Ipswich,English Premier Division,CM,21,Either,6.3,0,0,0,0,£45K 0 £475K,5000,N/A,0,0,0,0,0,0,0,0,0,0,0,0,0,0,0,0,0%,0,0,0,0,0,0,0,0,0,0,0,0,0,0,0,0
Jem Hewlett,ENG,Rotherham,Sky Bet League One,DC,27,Right,6.2,40,4,44,3681,£190K 0 £1.9M,5000,N/A,2,0,3,21,437,314,169,69,49,36,12,22,35,128,56,0,83%,170,2819,6,3,6,2,1,0,4.2,430.1,0,0,3,0,2.21,0.99
Martin Campbell,SCO,Blackburn,Sky Bet Championship,DC,22,Right,5.1,1,0,1,90,£90K 0 £900K,4900,N/A,0,0,1,0,6,5,5,1,5,3,1,1,1,3,2,0,64%,3,64,1,0,0,0,0,0,3,11.3,0,0,0,0,0,0
Leon Chiwome,ENG,Forest Green,Sky Bet Championship,ST,26,Right,6.4,8,27,35,1170,£110K 0 £1.1M,4900,N/A,2,1,14,22,285,105,161,55,26,20,0,4,0,22,8,0,82%,13,432,5,3,7,2,16,0,6.9,172,0,0,2,0,2.48,0.95
Graham Dodds,ENG,Coventry,Sky Bet Championship,AM,24,Right,5.1,0,3,3,38,£1.7M,4800,1.7,0,0,1,2,5,0,6,1,1,0,0,0,0,0,0,0,85%,0,13,0,0,0,0,1,0,0,6.5,0,0,0,0,0.28,0
Paul Kalambayi,COD,Charlton,Sky Bet League One,DC,32,Right,6.3,44,4,48,3875,£26K 0 £275K,4800,N/A,1,2,4,19,469,331,168,57,48,41,7,23,39,141,63,0,86%,137,2774,11,2,2,0,1,0,4.1,471.2,0,0,10,0,2.71,1.68
Elliott Brazil,ENG,Nottm Forest,English Premier Division,AMR,22,Right,6,0,0,0,0,£4.5K 0 £45K,4800,N/A,0,0,0,0,0,0,0,0,0,0,0,0,0,0,0,0,0%,0,0,0,0,0,0,0,0,0,0,0,0,0,0,0,0
Gary Fleming,NIR,Forest Green,Sky Bet Championship,DC,23,Right,6.1,28,13,41,2634,£550K,4700,N/A,0,0,7,1,199,119,203,76,69,46,8,29,16,110,71,0,73%,101,1398,10,0,20,1,1,0,7.6,344.1,0,0,1,0,0,0.68
David Quinn,SCO,Wigan,Sky Bet League One,CM,24,Left,5.7,39,5,44,2942,£800K 0 £1.7M,4600,N/A,2,2,76,20,234,61,487,174,84,67,1,17,2,57,19,0,82%,85,1353,28,5,89,10,5,0,10.3,391.9,0,0,14,1,1.56,2.75
Hugo Pearce,ENG,West Brom,Sky Bet Championship,AMR,20,Right,5.3,1,2,3,136,£12.5M 0 £18M,4600,N/A,0,0,3,1,4,0,31,10,8,8,0,0,0,1,2,0,70%,5,44,2,1,13,2,0,0,13.9,19.5,0,0,0,0,0,0.03
Aaron Jones,WAL,Middlesbrough,Sky Bet Championship,DC,24,Right,6,1,3,4,123,£500K,4500,0.5,0,0,0,0,17,14,13,8,4,2,0,2,1,7,3,0,66%,5,59,0,0,7,0,0,0,34.4,19.9,0,0,0,0,0,0
Jesse Huttunen,FIN,Bristol City,Sky Bet Championship,WBL,22,Left,5.1,4,16,20,611,£90K 0 £900K,4500,N/A,0,2,14,4,42,15,108,34,21,12,0,9,0,26,7,0,72%,34,328,16,3,54,13,1,0,18.1,97.5,0,0,2,0,0.05,1.48
Renford Bucciero,ENG,Fulham,Sky Bet Championship,CM,21,Right,5.1,0,0,0,0,£300K 0 £850K,4500,N/A,0,0,0,0,0,0,0,0,0,0,0,0,0,0,0,0,0%,0,0,0,0,0,0,0,0,0,0,0,0,0,0,0,0
Daniel Conway,ENG,Middlesbrough,Sky Bet Championship,GK,23,Right,5.1,0,0,0,0,£375K 0 £6M,4400,N/A,0,0,0,0,0,0,0,0,0,0,0,0,0,0,0,0,0%,0,0,0,0,0,0,0,0,0,0,0,0,0,0,0,0
Tarik El Abbassi,NED,Chelsea,English Premier Division,WBL,22,Right,5.1,0,0,0,0,£0 0 £26K,4400,N/A,0,0,0,0,0,0,0,0,0,0,0,0,0,0,0,0,0%,0,0,0,0,0,0,0,0,0,0,0,0,0,0,0,0
Jukka,FIN,Wolves,Sky Bet Championship,AMR,19,Right,6.4,0,2,2,16,£1.1M 0 £2.2M,4400,N/A,0,0,0,2,8,4,3,1,0,0,0,0,0,1,0,0,80%,0,5,0,0,0,0,0,0,0,3.6,0,0,0,0,0.37,0
Andy Barker,IRL,Hull,Sky Bet Championship,CM,24,Right,5.9,1,9,10,282,£180K 0 £4.8M,4400,N/A,0,2,11,0,16,1,58,19,17,12,0,3,1,6,4,0,84%,9,118,3,2,11,4,1,0,16,44.9,0,0,0,0,0,0.97
Emlyn Evans,ENG,Forest Green,Sky Bet Championship,CM,24,Right,5.5,37,0,37,3097,£40K 0 £400K,4300,N/A,1,3,74,12,168,43,442,141,89,69,4,25,9,104,50,0,79%,114,1285,29,6,120,9,5,0,12.7,441.4,0,0,6,2,0.96,2.57
Neil Harper,ENG,Stoke,English Premier Division,DC,23,Right,6.5,1,0,1,90,£140K 0 £1.4M,4200,N/A,0,0,0,0,14,10,2,1,0,0,0,1,0,4,2,0,79%,4,86,0,0,0,0,0,0,8,11,0,0,0,0,0,0
Fergal McNulty,IRL,Brighton,Sky Bet Championship,AMR,20,Right,5.1,0,0,0,0,£650K 0 £6.4M,4200,N/A,0,0,0,0,0,0,0,0,0,0,0,0,0,0,0,0,0%,0,0,0,0,0,0,0,0,0,0,0,0,0,0,0,0
Thorbin Juelsgard,DEN,Bristol City,Sky Bet Championship,DC,21,Right,6,0,2,2,49,£500K 0 £1.4M,4200,N/A,0,0,0,0,3,2,5,2,1,1,0,0,0,1,3,0,84%,2,49,0,0,0,0,0,0,0,8.1,0,0,1,0,0,0
Sean Robless,AUS,Sydney FC,Isuzu UTE A0League,AMR,23,Right,6.1,30,0,30,2233,£450K 0 £5.4M,4100,N/A,9,0,42,55,330,95,280,71,26,15,1,9,0,36,13,0,85%,14,590,10,0,13,4,19,0,7.1,286,0,0,0,0,5.65,0.41
George Hirst,ENG,Barnsley,Sky Bet League One,AMR,33,Right,6.3,34,14,48,2947,£75K 0 £750K,4100,N/A,24,0,20,107,525,226,399,91,70,59,0,8,0,32,15,0,84%,36,895,30,7,22,3,19,0,6.7,375.4,7,6,0,0,13.68,4.54
Brad Fellows,ENG,Coventry,Sky Bet Championship,DC,23,Left,6.3,29,11,40,2715,£160K 0 £1.6M,4100,N/A,0,0,5,17,358,300,122,40,32,18,9,25,16,92,59,0,89%,98,2712,2,0,3,2,1,0,4.1,326.9,0,0,3,0,0.72,0.12
Archie Rose,ENG,Charlton,Sky Bet League One,CM,22,Right,5.7,8,22,30,995,£90K 0 £3.6M,4100,N/A,1,0,39,19,87,23,128,52,29,28,0,0,0,11,15,0,79%,35,357,20,2,69,4,1,0,10.8,142.6,0,0,2,0,1.99,0.9
Nicky Killock,IRL,Leicester,English Premier Division,DC,22,Right,5.8,0,0,0,0,£35K 0 £325K,4000,N/A,0,0,0,0,0,0,0,0,0,0,0,0,0,0,0,0,0%,0,0,0,0,0,0,0,0,0,0,0,0,0,0,0,0
Chris Stilgoe,ENG,Barnsley,Sky Bet League One,DC,24,Left,6.2,12,1,13,950,£400K,4000,0.4,0,0,12,0,49,38,98,36,29,22,0,10,10,41,10,0,81%,65,563,7,0,23,5,1,0,14.4,132.6,0,0,3,1,0,0.02
Ade Solomon,NGA,Notts Co,Sky Bet League Two,AMR,24,Right,5.9,6,7,13,504,£160K,3900,N/A,1,0,9,13,113,14,52,18,6,5,0,2,0,5,0,0,85%,4,129,4,0,26,4,10,0,5.7,66,0,0,1,0,0.9,0.27
Khalon Haysman,ENG,Coventry,Sky Bet Championship,DM,28,Left,6.2,23,24,47,2217,£150K 0 £4.9M,3900,N/A,2,1,28,45,195,139,347,113,81,61,1,15,7,28,18,0,88%,107,1693,29,6,19,3,1,0,9.4,314.1,0,0,8,0,2.4,2.28
Louis Angotti,BIH,Reading,Sky Bet Championship,AM,23,Right,6,1,4,5,118,£450K 0 £1.3M,3800,N/A,0,0,2,1,11,9,21,10,7,5,0,1,1,9,5,0,67%,9,79,0,0,6,1,0,0,20.6,19.7,0,0,0,0,0.09,0
Tino Puclin,CRO,Wolves,Sky Bet Championship,AMR,21,Left,6.2,0,0,0,0,£190K 0 £1.9M,3800,N/A,0,0,0,0,0,0,0,0,0,0,0,0,0,0,0,0,0%,0,0,0,0,0,0,0,0,0,0,0,0,0,0,0,0
Mitchell Hassall,ENG,Birmingham,Sky Bet Championship,WBR,24,Right,5.1,0,3,3,50,£240K,3800,0.24,0,1,2,0,5,0,8,1,2,2,0,0,0,1,0,0,65%,3,26,1,0,1,0,1,0,0,8.5,0,0,0,0,0,0
Dru Crown,ENG,Preston,Sky Bet Championship,CM,21,Right,5.9,1,3,4,150,£170K 0 £1.7M,3800,N/A,0,0,2,0,10,7,23,6,4,3,0,0,0,10,4,0,77%,9,62,2,1,5,0,1,1,24.6,24.8,0,0,0,0,0,0.26
Dave Oliver,ENG,Blackburn,Sky Bet Championship,CM,23,Right,5.7,0,0,0,0,£40K 0 £3.8M,3700,N/A,0,0,0,0,0,0,0,0,0,0,0,0,0,0,0,0,0%,0,0,0,0,0,0,0,0,0,0,0,0,0,0,0,0
Gary Craven,WAL,Sheff Utd,Sky Bet Championship,AML,23,Left,5.6,4,12,16,504,£35K 0 £325K,3700,N/A,0,0,21,4,31,7,75,29,14,12,0,3,0,27,15,0,75%,27,248,8,0,19,1,3,0,24.5,83.3,0,0,2,0,0.07,0.46
Davide Nigretti,ITA,Udinese,Italian Serie A,AML,20,Left,6,0,5,5,93,£475K 0 £1.4M,3700,N/A,0,0,1,4,27,6,10,5,3,2,0,0,0,1,0,0,79%,0,24,0,0,1,1,0,0,4.8,9.6,0,0,0,0,0.55,0
Jason Hudson,ENG,Hull,Sky Bet Championship,DC,24,Left,6.5,1,3,4,136,£120K 0 £1.2M,3700,N/A,0,0,3,0,9,7,10,4,3,3,0,4,3,3,3,0,79%,7,94,1,1,1,0,0,0,15.2,19.6,0,0,0,0,0,0.16
Arron Moore,ENG,Derby,Sky Bet Championship,DC,21,Right,6.2,3,6,9,359,£4.2M 0 £6M,3700,N/A,0,0,0,2,47,36,30,12,5,4,0,5,3,11,9,0,79%,4,215,0,0,3,0,0,0,8.3,48,0,0,1,0,0,0
Christopher O'Connor,SCO,Celtic,Scottish Lowland League,CM,21,Left,5.1,27,7,34,2509,£2K 0 £20K,3700,N/A,3,12,0,36,0,0,0,0,52,38,0,0,0,0,0,0,71%,0,680,0,0,0,0,0,0,0,0,0,0,0,1,2.69,2.43
Ben Acey,ENG,Forest Green,Sky Bet Championship,WBR,26,Right,5.8,0,3,3,40,£300K,3600,N/A,0,0,0,0,0,0,10,4,2,1,0,0,0,0,1,0,67%,1,9,0,0,3,0,0,0,0,7.4,0,0,0,0,0,0
Paul Garratt,ENG,West Brom,Sky Bet Championship,DM,21,Right,5.8,2,4,6,231,£1.5M 0 £3.1M,3600,N/A,1,0,0,1,12,3,27,9,4,2,0,1,1,5,3,0,87%,8,156,1,0,0,0,0,0,11.7,34.5,0,0,0,0,0.01,0.03
Ismet Yilmaz,TUR,Ey√ºpspor,Turkish 1. League,DC,23,Right,6.2,34,1,35,3077,£950K,3600,N/A,5,5,0,12,0,0,0,0,77,73,0,0,0,0,0,0,69%,0,700,0,0,0,0,0,0,0,0,0,0,0,0,0.87,0
Ceri Jones,WAL,Cardiff,Sky Bet Championship,CM,20,Left,5.7,0,7,7,149,£3.1M 0 £5.8M,3500,N/A,0,1,2,1,12,1,24,9,9,7,0,2,1,6,1,0,68%,6,37,2,1,6,0,0,0,13.9,23.6,0,0,0,0,0.17,0.22
Jackson Oliveira,CPV,Shrewsbury,Sky Bet League Two,WBR,21,Right,5.7,30,3,33,2601,£14K 0 £150K,3500,N/A,3,3,53,18,185,77,218,75,50,34,4,15,11,128,53,0,82%,100,1463,35,9,144,24,1,0,17.3,370.9,0,0,8,0,1.81,2.12
Scott McLevy,SCO,Sunderland,Sky Bet Championship,GK,24,Right,6,0,0,0,0,£70K 0 £700K,3500,N/A,0,0,0,0,0,0,0,0,0,0,0,0,0,0,0,0,0%,0,0,0,0,0,0,0,0,0,0,0,0,0,0,0,0
Tim Penfold,ENG,Colchester,Sky Bet League Two,AM,23,Right,5.1,38,3,41,3130,£425K 0 £3.3M,3500,N/A,9,4,43,89,563,85,398,124,64,40,1,6,1,25,10,0,83%,33,853,42,6,26,8,28,0,6.2,406.9,0,0,4,0,9.12,2.36
Finlay Brady,ENG,Watford,Sky Bet League One,AMR,24,Right,5.1,0,1,1,14,£325K,3500,0.33,0,0,0,0,3,0,3,1,0,0,0,0,0,0,0,0,100%,0,4,0,0,1,0,0,0,0,2.4,0,0,0,0,0,0
Macauley Fazakerley,ENG,Reading,Sky Bet Championship,CM,24,Right,5.9,0,1,1,21,£450K,3500,0.45,0,0,1,1,3,1,8,3,1,0,0,0,0,0,0,0,50%,1,10,1,1,7,1,0,0,0,3.5,0,0,0,0,0.14,0.38
Christos Loizou,CYP,Notts Co,Sky Bet League Two,AM,21,Right,5.1,15,0,15,1277,Not for Sale,3500,N/A,0,1,51,4,87,46,178,46,27,18,1,16,2,46,20,0,82%,45,573,10,6,108,14,2,0,16.1,187.5,0,0,7,0,0.17,1.15
Gent Malaj,ALB,Charlton,Sky Bet League One,CM,24,Left,5.7,29,12,41,2783,£95K 0 £950K,3500,N/A,5,2,45,32,190,41,421,128,84,72,5,34,7,98,52,0,81%,104,1180,47,8,200,22,5,0,14.8,393.4,0,0,1,1,3.6,2.5
Doudou Keita,GAM,Bristol City,Sky Bet Championship,AMR,24,Right,6.2,0,0,0,0,£300K,3400,0.3,0,0,0,0,0,0,0,0,0,0,0,0,0,0,0,0,0%,0,0,0,0,0,0,0,0,0,0,0,0,0,0,0,0
Jacob Jones,WAL,West Brom,Sky Bet Championship,CM,24,Right,5.9,1,0,1,84,£5K,3400,0.01,0,0,1,1,9,6,11,6,2,0,0,1,0,0,0,0,75%,1,55,0,0,0,0,0,0,6.4,11,0,0,0,0,0.03,0
Aaron Hardiman,ENG,Oxford,Sky Bet League One,DC,21,Either,5.5,14,5,19,1324,£425K 0 £6.8M,3400,N/A,0,0,5,5,88,33,155,51,33,22,2,10,2,18,13,0,84%,55,880,12,0,9,1,0,0,10.5,181.8,0,0,2,0,0.75,0.78
Iain Potton,ENG,Derby,Sky Bet Championship,CM,22,Right,5.1,0,0,0,0,£8K 0 £24K,3400,N/A,0,0,0,0,0,0,0,0,0,0,0,0,0,0,0,0,0%,0,0,0,0,0,0,0,0,0,0,0,0,0,0,0,0
Shane Loughrey,IRL,Hull,Sky Bet Championship,DC,22,Either,6.4,2,5,7,196,£750K 0 £1.6M,3400,N/A,0,1,3,2,12,11,32,18,5,4,0,4,0,9,3,0,89%,14,123,3,1,6,2,0,0,13.8,30.2,0,0,0,0,0.05,0.52
Alvin Russell,TRI,Crystal Palace,Sky Bet Championship,DC,20,Right,6.1,0,0,0,0,£230K 0 £2.3M,3400,N/A,0,0,0,0,0,0,0,0,0,0,0,0,0,0,0,0,0%,0,0,0,0,0,0,0,0,0,0,0,0,0,0,0,0
Chris Prenderville,ENG,Millwall,Sky Bet Championship,GK,24,Right,6.1,0,0,0,0,£140K 0 £1.4M,3300,N/A,0,0,0,0,0,0,0,0,0,0,0,0,0,0,0,0,0%,0,0,0,0,0,0,0,0,0,0,0,0,0,0,0,0
Shea Cunningham,ENG,Burnley,Sky Bet Championship,AML,22,Left,5.1,0,0,0,0,£130K 0 £1.3M,3300,N/A,0,0,0,0,0,0,0,0,0,0,0,0,0,0,0,0,0%,0,0,0,0,0,0,0,0,0,0,0,0,0,0,0,0
Alex Roberts,ENG,Gillingham,Sky Bet League One,ST,26,Right,6,46,3,49,3969,£425K,3300,N/A,13,1,41,122,879,211,465,143,72,60,0,9,0,45,11,0,85%,27,991,29,0,22,0,74,0,5.6,508.5,0,0,0,0,16.03,2.09
Malachi Fagan Walcott,ENG,West Brom,Sky Bet Championship,DC,30,Right,6,0,0,0,0,£7K,3300,0.01,0,0,0,0,0,0,0,0,0,0,0,0,0,0,0,0,0%,0,0,0,0,0,0,0,0,0,0,0,0,0,0,0,0
Alfie Davis,IRL,St. Pat's Athletic,Irish Premier Division,DM,24,Either,5.9,11,0,11,739,£500K,3300,0.5,0,1,9,1,38,13,129,30,14,11,0,5,0,9,3,0,84%,28,372,8,3,5,0,0,0,8.2,100.2,0,0,3,0,0,0.19
Lakyle Samuel,ENG,Fleetwood,Sky Bet League One,DC,26,Right,5.1,43,3,46,3551,£50K 0 £475K,3300,N/A,1,1,4,11,417,264,168,65,49,44,11,29,24,117,54,0,84%,191,2663,11,3,13,2,2,0,5.6,420,0,0,6,0,1.14,2.64
Cian Stowe,SCO,Celtic,Scottish Lowland League,DC,21,Right,6,19,3,22,1747,£20K 0 £60K,3300,N/A,4,3,0,11,0,0,0,0,38,37,0,0,0,0,0,0,73%,0,440,0,0,0,0,0,0,0,0,0,0,0,0,1.48,0
Dan Scott,IRL,Fulham,Sky Bet Championship,ST,19,Right,6,0,0,0,0,£2.3M 0 £4.5M,3300,N/A,0,0,0,0,0,0,0,0,0,0,0,0,0,0,0,0,0%,0,0,0,0,0,0,0,0,0,0,0,0,0,0,0,0
Peter Hancox,ENG,Crystal Palace,Sky Bet Championship,DC,21,Right,5.8,0,0,0,0,£65K 0 £650K,3300,N/A,0,0,0,0,0,0,0,0,0,0,0,0,0,0,0,0,0%,0,0,0,0,0,0,0,0,0,0,0,0,0,0,0,0
Adriano Brown,JAM,Reading,Sky Bet Championship,CM,23,Right,6,1,7,8,211,£275K 0 £2.7M,3300,N/A,0,0,5,2,26,1,21,6,2,1,0,2,2,3,2,0,89%,4,66,2,0,6,1,3,0,4.7,30.6,0,0,0,0,0.11,0.1
Zac Ashworth,WAL,Charlton,Sky Bet League One,DC,29,Left,5.9,29,13,42,2596,£60K 0 £600K,3200,N/A,0,3,39,5,199,103,288,93,59,43,5,23,17,124,30,0,84%,165,1516,24,10,68,14,2,0,14.1,367.3,0,0,5,1,0.16,3.04
Ben Bruce,ENG,Sutton,Sky Bet League Two,GK,21,Right,6,51,0,51,4590,Not for Sale,3200,N/A,0,0,0,0,0,0,0,0,7,1,0,0,0,20,0,17,43%,45,1513,4,1,0,0,0,0,0,295.3,0,0,2,0,0,0.39
Rees Magunda,IRL,Doncaster,Sky Bet League Two,WBR,23,Left,5.1,43,4,47,3773,£20K 0 £210K,3200,N/A,1,0,64,7,258,137,352,152,78,67,5,40,23,198,69,0,73%,197,1976,34,9,124,13,0,0,12.7,535.2,0,0,5,0,0.74,2.28
Lennie Blackman,ENG,Colchester,Sky Bet League Two,DM,22,Right,5.1,14,0,14,1202,£1K 0 £10K,3200,N/A,0,0,6,1,89,56,159,45,37,26,0,9,3,26,11,0,82%,60,703,11,1,3,1,0,0,8.5,163.8,0,0,3,0,0.03,2.8
Johnny McKeown,NIR,Swindon,Sky Bet League One,DC,23,Right,5.1,41,1,42,3402,£350K,3200,N/A,0,0,44,28,258,151,393,120,106,69,1,18,11,62,55,0,81%,95,1745,14,1,9,0,0,0,9.6,476.4,0,0,12,2,1.37,0.47
Nigel Jones,ENG,Ipswich,English Premier Division,DC,21,Right,5.1,0,5,5,61,£1.1M 0 £4.7M,3200,N/A,0,0,2,0,5,3,7,1,1,1,0,0,0,2,0,0,82%,1,34,0,0,3,0,0,0,0,7.6,0,0,0,0,0,0
Conor Casey,IRL,Forest Green,Sky Bet Championship,CM,23,Right,5.8,4,18,22,642,£3M,3200,N/A,0,0,5,3,31,7,103,39,18,16,1,3,2,13,12,0,80%,45,391,5,1,3,0,0,0,7.7,93.5,0,0,1,0,0.06,0.48
Christos Kapouranis,GRE,Atromitos,Greek Super League 2,AM,23,Right,5.8,31,0,31,2790,Not for Sale,3100,N/A,7,4,0,98,0,0,0,0,47,28,0,0,0,0,0,0,59%,0,620,0,0,0,0,0,0,0,0,0,0,0,0,9.81,2.4
Leonie Lambert,ENG,Reading,Sky Bet Championship,DC,21,Left,6.1,4,6,10,409,£650K 0 £1.4M,3100,N/A,0,0,4,1,43,25,49,18,12,6,3,3,1,25,11,0,83%,16,259,2,0,2,0,0,0,5.9,54.1,0,0,1,0,0.01,0.04
Ethan Evans,WAL,Cardiff,Sky Bet Championship,DC,23,Left,5.7,0,0,0,0,£850K,3100,0.85,0,0,0,0,0,0,0,0,0,0,0,0,0,0,0,0,0%,0,0,0,0,0,0,0,0,0,0,0,0,0,0,0,0
Rhydian Bailey,WAL,Watford,Sky Bet League One,CM,22,Right,5.8,37,10,47,2858,£425K 0 £4.3M,3100,N/A,2,1,33,24,222,67,496,146,72,50,1,18,1,54,18,0,84%,118,1661,35,7,83,8,6,0,8,402.1,0,0,5,0,3.48,2.73
Simon Roger Apataki,COD,Portsmouth,Sky Bet League One,DM,24,Left,5.1,37,4,41,2847,£250K 0 £750K,3000,N/A,0,4,32,28,156,57,405,129,64,46,0,16,2,62,29,0,83%,94,1557,34,9,17,4,3,1,8.7,389.4,0,0,6,2,2.67,2.75
Trent Kone,IRL,Chesterfield,Sky Bet League One,AMR,25,Right,6,45,2,47,3632,£210K,3000,N/A,4,3,155,76,414,259,505,149,106,77,1,12,3,67,43,0,72%,131,1224,48,13,269,23,7,0,8.3,502.8,0,0,7,0,4.9,4.77
Garry Tomlinson,IRL,Plymouth,English Premier Division,AM,20,Right,6.6,0,0,0,0,£50K 0 £475K,3000,N/A,0,0,0,0,0,0,0,0,0,0,0,0,0,0,0,0,0%,0,0,0,0,0,0,0,0,0,0,0,0,0,0,0,0
Marvin Phillip,TRI,Preston,Sky Bet Championship,CM,23,Right,5.8,1,11,12,252,£650K 0 £1.4M,3000,N/A,0,0,2,1,12,1,42,14,9,4,0,1,1,2,3,0,88%,14,169,3,0,2,2,0,0,9.3,40.9,0,0,0,0,0.02,0.09
Vino Poleon,LCA,Birmingham,Sky Bet Championship,CM,23,Either,5.8,0,0,0,0,£26K 0 £275K,3000,N/A,0,0,0,0,0,0,0,0,0,0,0,0,0,0,0,0,0%,0,0,0,0,0,0,0,0,0,0,0,0,0,0,0,0
David Vaughan,WAL,Ipswich,English Premier Division,GK,24,Right,6.3,0,0,0,0,£3K 0 £30K,3000,N/A,0,0,0,0,0,0,0,0,0,0,0,0,0,0,0,0,0%,0,0,0,0,0,0,0,0,0,0,0,0,0,0,0,0
Charles Copin,FRA,AC Ajaccio,Ligue 2 BKT,GK,23,Right,6.1,13,0,13,1170,£1.2M 0 £2.6M,3000,N/A,0,0,0,0,0,0,0,0,0,0,0,0,0,0,0,3,55%,0,260,0,0,0,0,0,0,0,0,0,0,0,0,0,0
Miguel √Ångel Tello,MEX,Woking,Sky Bet League Two,AMR,22,Either,5.9,37,1,38,3075,£75K 0 £750K,3000,N/A,0,3,104,6,196,76,230,76,71,51,6,26,11,163,74,0,77%,115,1314,41,10,251,25,5,2,9.9,435,0,0,9,0,0.2,3.7
Ryan Schofield,ENG,Forest Green,Sky Bet Championship,GK,32,Right,6.3,19,0,19,1710,£20K 0 £200K,3000,N/A,0,0,0,0,0,0,0,0,3,0,1,0,0,10,0,4,48%,50,562,0,0,0,0,0,3,0.1,81,0,0,0,0,0,0
John L'Estrange,ENG,Sunderland,Sky Bet Championship,AMR,22,Right,5.1,0,0,0,0,£1K 0 £9K,2900,N/A,0,0,0,0,0,0,0,0,0,0,0,0,0,0,0,0,0%,0,0,0,0,0,0,0,0,0,0,0,0,0,0,0,0
Ben Khinda,ENG,Birmingham,Sky Bet Championship,CM,23,Right,5.1,0,0,0,0,£1.8M 0 £3.6M,2900,N/A,0,0,0,0,0,0,0,0,0,0,0,0,0,0,0,0,0%,0,0,0,0,0,0,0,0,0,0,0,0,0,0,0,0
Sam Waudby,ENG,Sunderland,Sky Bet Championship,CM,22,Either,5.1,0,0,0,0,£65K 0 £650K,2800,N/A,0,0,0,0,0,0,0,0,0,0,0,0,0,0,0,0,0%,0,0,0,0,0,0,0,0,0,0,0,0,0,0,0,0
Darnell Rockall,ENG,Ipswich,English Premier Division,DC,23,Right,6.2,0,2,2,31,£275K 0 £2.6M,2800,N/A,0,0,0,0,3,3,2,1,1,1,0,0,2,0,0,0,86%,3,22,0,0,0,0,0,0,0,3.7,0,0,0,0,0,0.24
Huw Griffith,ENG,Charlton,Sky Bet League One,DM,21,Left,6.2,6,11,17,631,£190K 0 £1.9M,2800,N/A,0,0,10,3,56,26,72,20,8,6,0,4,0,12,4,0,85%,22,387,5,1,6,0,2,0,9.6,87.3,0,0,3,1,0.14,0.52
Ryan Manley,NIR,Wrexham,Sky Bet League Two,AMR,21,Left,6.2,29,16,45,2877,£180K 0 £1.8M,2800,N/A,11,2,49,78,597,118,384,112,63,43,0,12,2,33,22,0,81%,27,789,26,5,54,9,33,0,7.1,388.3,0,0,11,0,8.24,1.51
Jake Vokins,ENG,Burton,Sky Bet League One,WBL,32,Left,5.1,43,7,50,3874,Not for Sale,2800,N/A,2,1,91,11,252,107,415,166,134,91,3,41,13,168,58,0,81%,224,2089,42,12,107,12,2,1,12.8,522.8,0,0,5,0,1.18,3.7
Greg Hoolahan,IRL,Nottm Forest,English Premier Division,CM,20,Left,5.6,0,0,0,0,£14K 0 £140K,2800,N/A,0,0,0,0,0,0,0,0,0,0,0,0,0,0,0,0,0%,0,0,0,0,0,0,0,0,0,0,0,0,0,0,0,0
Olly Jones,WAL,Salford,Sky Bet League Two,AMR,22,Right,5.9,34,2,36,2259,£150K 0 £1.5M,2700,N/A,7,1,36,74,385,61,290,73,45,31,0,9,1,21,6,0,81%,17,587,13,3,29,4,35,0,6.3,297,0,0,4,1,9.17,2.46
Stephen Bonney,ENG,Middlesbrough,Sky Bet Championship,DM,24,Right,5.1,0,0,0,0,£85K,2700,0.09,0,0,0,0,0,0,0,0,0,0,0,0,0,0,0,0,0%,0,0,0,0,0,0,0,0,0,0,0,0,0,0,0,0
Andrew Fisher,JAM,Portmore Utd,Jamaican Premier League,DM,24,Right,5.9,30,0,30,2521,£220K 0 £2.2M,2700,N/A,3,9,9,49,108,41,286,104,63,54,1,11,0,31,20,0,84%,106,1479,26,7,34,4,1,0,9.9,318.2,0,0,7,0,6.22,4.95
Martin Foedisch,GER,Norwich,Sky Bet Championship,DC,23,Right,6.4,0,8,8,120,£24K 0 £240K,2700,N/A,0,0,0,0,12,10,13,2,7,7,0,0,0,3,2,0,88%,9,112,0,0,0,0,0,1,16.5,19.4,0,0,1,0,0,0
David Bowers,ENG,Norwich,Sky Bet Championship,CM,22,Right,6,0,0,0,0,£26K 0 £250K,2700,N/A,0,0,0,0,0,0,0,0,0,0,0,0,0,0,0,0,0%,0,0,0,0,0,0,0,0,0,0,0,0,0,0,0,0
Regan Shuker,ENG,West Brom,Sky Bet Championship,DC,23,Left,6.2,0,1,1,13,£0 0 £14K,2700,N/A,0,0,0,0,4,3,0,0,0,0,0,0,0,1,0,0,80%,2,10,0,0,0,0,0,0,0,1.6,0,0,0,0,0,0
Scott Buchan,SCO,St. Mirren,cinch Championship,CM,21,Right,6,28,1,29,2508,Not for Sale,2700,N/A,2,3,27,24,240,131,374,114,49,33,1,14,0,44,26,0,81%,102,1273,42,3,18,3,2,0,6.8,334.2,0,0,8,0,2.23,2.11
Christian Franzke,GER,Norwich,Sky Bet Championship,AM,23,Right,5.9,0,0,0,0,£22K 0 £210K,2600,N/A,0,0,0,0,0,0,0,0,0,0,0,0,0,0,0,0,0%,0,0,0,0,0,0,0,0,0,0,0,0,0,0,0,0
Paul Barrett,ENG,Preston,Sky Bet Championship,DC,21,Left,6.2,1,0,1,83,£600K 0 £1.3M,2600,N/A,0,0,2,0,4,3,11,7,3,3,2,2,1,7,3,0,77%,7,48,0,0,0,0,0,0,17.4,12.3,0,0,0,0,0,0
Callum Abbott,ENG,West Brom,Sky Bet Championship,WBR,21,Right,5.1,0,1,1,4,£120K 0 £1.2M,2600,N/A,0,0,0,0,0,0,0,0,0,0,0,0,0,1,0,0,50%,0,2,0,0,0,0,0,0,0,1,0,0,0,0,0,0
Eric Frimpong,GHA,Bristol City,Sky Bet Championship,AML,22,Left,5.1,0,2,2,35,£0 0 £120K,2500,N/A,0,0,0,0,1,0,3,1,0,0,0,0,0,0,0,0,91%,0,11,0,0,0,0,0,0,0,5.3,0,0,0,0,0,0
Diquan Hinkson,ENG,Coventry,Sky Bet Championship,CM,24,Left,5.1,0,9,9,148,£275K,2500,0.28,0,0,5,4,15,2,28,10,2,2,0,0,0,3,2,0,91%,1,57,2,1,4,1,1,0,12.2,23.6,0,0,0,0,0.23,0.1
Antonio Oliveira,ENG,Stoke,English Premier Division,CM,19,Left,5.7,0,0,0,0,£180K 0 £1.8M,2500,N/A,0,0,0,0,0,0,0,0,0,0,0,0,0,0,0,0,0%,0,0,0,0,0,0,0,0,0,0,0,0,0,0,0,0
Kian Savage,SCO,Hull,Sky Bet Championship,GK,24,Right,6.1,0,0,0,0,£35K 0 £375K,2500,N/A,0,0,0,0,0,0,0,0,0,0,0,0,0,0,0,0,0%,0,0,0,0,0,0,0,0,0,0,0,0,0,0,0,0
Moumouni Baradji,MLI,West Brom,Sky Bet Championship,AM,23,Right,5.1,0,0,0,0,£1K 0 £8K,2500,N/A,0,0,0,0,0,0,0,0,0,0,0,0,0,0,0,0,0%,0,0,0,0,0,0,0,0,0,0,0,0,0,0,0,0
Ellis Hill,WAL,Cardiff,Sky Bet Championship,GK,22,Right,6.2,1,0,1,90,£400K 0 £1.2M,2500,N/A,0,0,0,0,0,0,0,0,0,0,0,0,0,0,0,1,37%,2,19,0,0,0,0,0,0,0,3.8,0,0,0,0,0,0
James McAlister,ENG,West Brom,Sky Bet Championship,CM,23,Left,6.2,0,0,0,0,£18K 0 £50K,2500,N/A,0,0,0,0,0,0,0,0,0,0,0,0,0,0,0,0,0%,0,0,0,0,0,0,0,0,0,0,0,0,0,0,0,0
Jason Barnes,ENG,Stevenage,Sky Bet League Two,CM,24,Left,5.1,45,6,51,3742,£70K 0 £700K,2500,N/A,4,10,104,36,234,75,601,193,84,71,3,28,1,82,41,0,79%,110,1527,47,12,189,26,5,0,11,506.3,0,0,1,0,3.11,7.96
Tim Kilday,SCO,Rangers,Scottish Lowland League,DC,20,Right,6.1,33,1,34,2992,£250K 0 £750K,2400,N/A,3,1,0,16,0,0,0,0,68,65,0,0,0,0,0,0,74%,0,680,0,0,0,0,0,0,0,0,0,0,0,0,1.66,0.03
Alex Nebylytsya,IRL,Sunderland,Sky Bet Championship,DC,21,Right,6,0,0,0,0,£150K 0 £1.5M,2400,N/A,0,0,0,0,0,0,0,0,0,0,0,0,0,0,0,0,0%,0,0,0,0,0,0,0,0,0,0,0,0,0,0,0,0
Giorgos Evangelidakis,GRE,Panserraikos,Greek Super League 2,GK,23,Right,6.3,20,0,20,1800,Not for Sale,2400,N/A,0,0,0,0,0,0,0,0,0,0,0,0,0,0,0,3,60%,0,400,0,0,0,0,0,0,0,0,0,0,0,0,0,0
Nicolie Whyte,JAM,≈†iroki Brijeg,Bosnian Premier League,CM,22,Left,5.6,31,2,33,2850,Not for Sale,2400,N/A,4,4,0,41,0,0,0,0,32,28,0,0,0,0,0,0,68%,0,660,0,0,0,0,0,0,0,0,0,0,0,1,4.63,1.43
Alun Beattie,ENG,Middlesbrough,Sky Bet Championship,DC,22,Right,6.2,0,2,2,33,£24K 0 £250K,2400,N/A,0,0,0,0,2,2,2,0,2,1,0,2,0,2,1,0,76%,3,21,1,0,1,0,0,0,0,6.1,0,0,0,0,0,0
Luke Cook,ENG,Millwall,Sky Bet Championship,AML,21,Left,5.9,0,1,1,14,£130K 0 £1.3M,2400,N/A,0,0,0,0,0,0,1,0,0,0,0,0,0,0,0,0,67%,0,6,0,0,0,0,0,0,0,2.6,0,0,0,0,0,0
Leighton Wellington,JAM,Mount Pleasant FC,Jamaican Premier League,DC,23,Right,6,34,0,34,3060,Not for Sale,2400,N/A,1,0,0,13,0,0,0,0,66,64,0,0,0,0,0,0,70%,0,680,0,0,0,0,0,0,0,0,0,0,1,0,2.21,0
Kodi McCoist,SCO,Oxford,Sky Bet League One,ST,23,Right,6,36,0,36,2825,£230K 0 £2.3M,2400,N/A,12,1,34,68,498,132,241,74,37,25,0,4,1,19,12,0,82%,20,595,17,3,11,3,33,0,5.5,346.9,0,0,2,0,9.67,1.86
Murray Johnson,SCO,Coventry,Sky Bet Championship,GK,27,Right,6.2,3,0,3,270,£190K 0 £550K,2400,N/A,0,0,0,0,0,0,0,0,0,0,0,0,0,1,0,0,79%,2,87,1,0,0,0,0,0,0.3,18.3,0,0,0,0,0,0.11
Haydn Leake,ENG,Sheff Utd,Sky Bet Championship,DC,21,Either,6.2,0,2,2,19,£230K 0 £2.3M,2400,N/A,0,0,0,0,6,4,2,1,1,1,0,1,0,1,0,0,60%,0,15,0,0,3,0,0,0,0,3.7,0,0,0,0,0,0
Lucas Wane,ENG,Cambridge,Sky Bet League One,CM,25,Right,5.1,44,3,47,3629,£110K 0 £1.1M,2300,N/A,2,5,104,43,257,68,549,175,91,71,0,16,0,55,25,0,86%,96,1711,48,9,141,15,10,0,10.8,504.7,0,0,3,0,4.04,3.78
Ben Berry,ENG,Middlesbrough,Sky Bet Championship,AMR,22,Right,6.2,0,0,0,0,£5K 0 £50K,2300,N/A,0,0,0,0,0,0,0,0,0,0,0,0,0,0,0,0,0%,0,0,0,0,0,0,0,0,0,0,0,0,0,0,0,0
Callum Perry,ENG,Coventry,Sky Bet Championship,DC,25,Right,6.2,1,0,1,90,£5K,2300,0.01,0,0,0,0,11,11,2,1,1,1,0,0,0,3,1,0,69%,2,62,0,1,0,0,0,0,3,11.8,0,0,1,0,0,0
Max Seymour,ENG,West Brom,Sky Bet Championship,AM,23,Right,6.1,0,1,1,17,£35K 0 £375K,2300,N/A,0,0,1,0,2,1,4,2,4,3,0,0,0,2,0,0,67%,0,12,0,0,1,0,0,0,0,3.2,0,0,0,0,0,0
Reece Howell,ENG,Millwall,Sky Bet Championship,AML,21,Left,5.7,0,0,0,0,£3.5K 0 £35K,2300,N/A,0,0,0,0,0,0,0,0,0,0,0,0,0,0,0,0,0%,0,0,0,0,0,0,0,0,0,0,0,0,0,0,0,0
William Harriette,ATG,Norwich,Sky Bet Championship,AM,22,Right,6.1,0,4,4,34,£400K 0 £4M,2300,N/A,0,0,0,1,3,0,5,2,0,0,0,0,0,0,0,0,100%,0,9,0,0,0,0,1,0,0,6.5,0,0,0,0,0.09,0
David Clarke,NIR,Doncaster,Sky Bet League Two,DC,23,Right,6.4,29,14,43,2821,£18K 0 £180K,2300,N/A,1,0,4,20,400,288,100,51,31,26,5,21,17,117,55,0,77%,149,2104,9,3,2,0,1,1,4.3,333.8,0,0,4,0,1.58,0.75
Jack Kingdon,SCO,Motherwell,cinch Premiership,DC,26,Right,6.1,35,0,35,3127,£55K 0 £550K,2300,N/A,5,1,44,25,224,158,288,95,71,60,3,16,27,131,43,0,83%,109,1614,22,4,189,24,3,0,15.9,426.9,0,0,4,0,2.03,1.65
Andrew Mitchell,NIR,Bristol Rovers,Sky Bet League One,WBR,21,Right,6.1,14,1,15,1231,Not for Sale,2300,N/A,1,1,23,13,87,50,149,48,29,22,2,7,10,56,23,0,84%,38,645,10,3,63,11,3,0,21.4,178.6,1,1,7,0,0.97,1.38
Luke Rumble,ENG,Gillingham,Sky Bet League One,DM,23,Right,5.1,19,0,19,1438,£600K 0 £1.2M,2300,N/A,1,0,16,16,116,48,192,73,40,36,0,8,3,22,16,0,79%,71,873,21,2,10,1,0,0,7,194.7,0,0,2,0,1.22,1.23
Richard Clark,ENG,Preston,Sky Bet Championship,DC,24,Right,6.1,0,0,0,0,£50K,2300,0.05,0,0,0,0,0,0,0,0,0,0,0,0,0,0,0,0,0%,0,0,0,0,0,0,0,0,0,0,0,0,0,0,0,0
Jonno Nangle,IRL,Swansea,Sky Bet League One,DC,24,Left,5.9,4,3,7,486,£110K,2200,N/A,0,0,3,1,39,22,49,10,9,8,1,7,7,24,7,0,90%,26,267,5,0,10,3,1,0,11.5,67.3,0,0,1,0,0.03,0.27
Max Rees,ENG,Sheff Wed,Sky Bet League One,DC,22,Right,6,3,6,9,395,£350K 0 £1M,2200,N/A,0,0,0,0,42,29,32,8,3,2,0,2,5,15,7,0,89%,9,264,2,0,6,1,0,0,6.6,50.4,0,0,2,0,0,0
Tony Sawyer,ENG,Charlton,Sky Bet League One,CM,22,Right,5.9,36,8,44,3032,£230K 0 £2.3M,2200,N/A,6,2,51,69,335,92,510,153,75,62,0,15,2,61,16,0,81%,48,1124,30,7,35,5,8,0,11.9,441.5,0,0,2,0,6.73,2.65
Stefan Francis,TRI,Defence Force,TT Pro League,DC,24,Left,6.2,29,0,29,2610,£22K,2200,N/A,1,3,0,6,0,0,0,0,51,49,0,0,0,0,0,0,70%,0,580,0,0,0,0,0,0,0,0,0,0,2,0,0.66,1.8
Reece Harkins,SCO,Rangers,Scottish Lowland League,DC,22,Right,6.1,33,1,34,2985,£120K 0 £1.2M,2200,N/A,3,2,0,13,0,0,0,0,68,65,0,0,0,0,0,0,70%,0,680,0,0,0,0,0,0,0,0,0,0,0,0,1.58,0.02
Greg Fitzpatrick,IRL,Walsall,Sky Bet League Two,AM,24,Right,5.1,40,13,53,3759,£100K 0 £300K,2200,N/A,13,1,57,98,988,141,489,151,61,51,0,11,0,39,30,0,86%,21,1144,37,4,41,5,41,0,6.7,502.1,0,0,1,0,9.63,3.33
Kion Woodley,ENG,Walsall,Sky Bet League Two,DC,20,Right,6.2,36,5,41,2948,£1.9M 0 £3.7M,2200,N/A,0,0,25,13,277,187,375,113,78,53,2,22,10,61,58,0,81%,116,1742,39,5,16,4,0,0,9.4,429.8,0,0,7,0,1.08,1.4
Adam Barr,NIR,Watford,Sky Bet League One,DC,23,Either,5.7,14,9,23,1426,£80K 0 £800K,2200,N/A,0,0,2,2,236,146,57,29,23,15,2,6,14,59,30,0,81%,71,1046,5,1,3,0,1,0,4.1,171.4,0,0,0,0,0.11,0.24
Lei Waldrum,ENG,Birmingham,Sky Bet Championship,CM,24,Right,5.9,0,0,0,0,£6K,2100,6,0,0,0,0,0,0,0,0,0,0,0,0,0,0,0,0,0%,0,0,0,0,0,0,0,0,0,0,0,0,0,0,0,0
Alexander van der Mooren,NED,Stoke,English Premier Division,AM,22,Right,5.1,0,0,0,0,£0 0 £75K,2100,N/A,0,0,0,0,0,0,0,0,0,0,0,0,0,0,0,0,0%,0,0,0,0,0,0,0,0,0,0,0,0,0,0,0,0
Harri Price,WAL,Norwich,Sky Bet Championship,WBR,20,Left,6.3,0,2,2,20,£850K 0 £1.7M,2100,N/A,0,0,1,1,3,1,4,1,0,0,0,0,0,1,0,0,82%,3,17,0,0,0,0,0,0,0,3.7,0,0,0,0,0.1,0
Alphonso Wood,JAM,Portmore Utd,Jamaican Premier League,AML,23,Left,6,43,0,43,3745,£1.5K 0 £4.5K,2100,N/A,21,4,31,104,1047,307,392,134,63,56,0,12,0,24,34,0,80%,26,969,62,10,38,4,47,0,4.6,430.6,0,0,1,0,9.34,6.04
Lester Langlais,DMA,Barnsley,Sky Bet League One,WBR,21,Either,5.9,1,11,12,366,£3.9M 0 £7.2M,2100,N/A,0,0,4,3,22,9,29,9,6,6,0,1,3,12,3,0,86%,17,193,3,0,15,0,0,0,14.8,48.4,0,0,1,0,0.46,0.7
Jarrett Gillesphey,IRL,Sunderland,Sky Bet Championship,DC,23,Right,5.1,0,0,0,0,£7K 0 £20K,2100,N/A,0,0,0,0,0,0,0,0,0,0,0,0,0,0,0,0,0%,0,0,0,0,0,0,0,0,0,0,0,0,0,0,0,0
Jai McCormick,ENG,Sunderland,Sky Bet Championship,ST,22,Right,6.1,0,0,0,0,£1K 0 £9K,2100,N/A,0,0,0,0,0,0,0,0,0,0,0,0,0,0,0,0,0%,0,0,0,0,0,0,0,0,0,0,0,0,0,0,0,0
Nino Adom Malaki,ENG,Bradford City,Sky Bet League Two,DC,27,Left,5.9,43,1,44,3649,£40K 0 £425K,2100,N/A,1,5,127,18,209,128,290,93,97,76,3,29,10,138,38,0,86%,232,2518,42,7,137,19,6,0,15.1,527.5,0,0,2,0,0.59,3.57
Raman Merino,ESP,Barnsley,Sky Bet League One,DC,24,Left,5.9,32,17,49,3160,£170K 0 £1.7M,2100,N/A,0,2,10,12,356,216,191,66,43,35,8,25,11,112,48,0,77%,143,2030,8,2,13,2,0,1,4.7,382.7,0,0,8,2,0.97,1.43
Owen Bradley,NIR,Derby,Sky Bet Championship,CM,19,Right,5.6,0,2,2,63,£4.2M 0 £7.6M,2100,N/A,0,0,2,1,3,0,5,1,1,0,0,0,0,1,0,0,79%,1,24,0,0,0,0,0,0,0,10.1,0,0,0,0,0.03,0
Harry Lee,ENG,Swindon,Sky Bet League One,WBR,25,Right,6.4,34,1,35,2867,£16K 0 £160K,2100,N/A,2,2,53,26,313,263,322,94,91,75,4,24,7,143,60,0,77%,95,1363,29,9,199,18,4,1,14.1,414.1,0,0,3,1,1.41,2.55
Louis Dickson,ENG,Watford,Sky Bet League One,CM,20,Right,6,0,0,0,0,£230K 0 £2.3M,2100,N/A,0,0,0,0,0,0,0,0,0,0,0,0,0,0,0,0,0%,0,0,0,0,0,0,0,0,0,0,0,0,0,0,0,0
Laurence Russell,ENG,Middlesbrough,Sky Bet Championship,CM,20,Right,5.1,0,2,2,29,£325K 0 £5.4M,2100,N/A,0,0,1,0,2,0,6,2,2,2,0,1,1,0,1,0,100%,2,6,1,1,5,1,0,0,0,4.3,0,0,0,0,0,0.28
Aimao Akanapio,CGO,Bradford City,Sky Bet League Two,WBR,23,Right,5.1,42,4,46,3320,£475K,2100,N/A,1,3,76,26,221,176,258,75,80,62,3,19,5,140,38,0,89%,144,2303,40,11,202,22,6,1,18.4,492.4,0,0,1,0,0.95,4.76
Charlie Beazley,ENG,Charlton,Sky Bet League One,AMR,23,Left,5.1,4,39,43,1355,£100K 0 £1M,2000,N/A,4,1,27,57,228,25,151,47,23,17,0,1,0,15,8,0,86%,9,334,16,2,29,5,16,0,7.5,185.6,0,0,1,0,6.22,1.03
Matthew Rothwell,ENG,Sheff Utd,Sky Bet Championship,CM,21,Right,6,0,0,0,0,£190K 0 £1.9M,2000,N/A,0,0,0,0,0,0,0,0,0,0,0,0,0,0,0,0,0%,0,0,0,0,0,0,0,0,0,0,0,0,0,0,0,0
Ted Curd,ENG,Watford,Sky Bet League One,GK,26,Right,6.3,3,2,5,308,£90K 0 £250K,2000,N/A,0,0,0,0,0,0,0,0,0,0,0,0,0,0,0,3,56%,0,102,0,0,0,0,0,0,0,18.2,0,0,1,0,0,0
Gareth Swattridge,WAL,Cardiff,Sky Bet Championship,AML,22,Either,6,0,0,0,0,£55K 0 £550K,2000,N/A,0,0,0,0,0,0,0,0,0,0,0,0,0,0,0,0,0%,0,0,0,0,0,0,0,0,0,0,0,0,0,0,0,0
Kalern Dewberry,IRL,Derby,Sky Bet Championship,AM,21,Right,6.2,1,7,8,195,£45K 0 £3.6M,2000,N/A,0,0,7,7,27,10,37,9,7,5,0,1,0,4,3,0,70%,1,54,1,0,7,0,2,0,7.9,29.3,0,0,0,0,0.86,0.05
Ceiran Houlton,ENG,Reading,Sky Bet Championship,DC,19,Right,6,0,2,2,23,£140K 0 £1.4M,2000,N/A,0,0,0,0,6,3,4,1,1,1,0,2,0,1,2,0,60%,0,10,0,0,0,0,1,0,0,4.5,0,0,0,0,0,0
Tom Evans,ENG,Carlisle,Sky Bet League One,DC,24,Right,5.1,39,0,39,3393,£200K,2000,N/A,1,1,5,14,382,198,150,59,50,42,9,18,33,153,69,0,80%,120,2415,5,4,6,1,0,1,4.8,420.4,0,0,5,2,2.01,0.82
Anang Hasan,ENG,Charlton,Sky Bet League One,WBR,23,Right,6.2,6,17,23,882,£12K 0 £110K,2000,N/A,0,0,6,1,90,67,109,32,21,16,0,3,6,15,8,0,78%,34,519,6,2,18,1,1,0,12.1,121.8,0,0,2,0,0.01,0.25
Jonas Sorensen,DEN,Sheff Wed,Sky Bet League One,DC,21,Left,6.3,12,0,12,1080,Not for Sale,2000,N/A,0,0,1,5,143,94,40,18,13,13,5,5,10,51,24,0,82%,53,818,3,0,0,0,1,0,4.3,128.8,0,0,2,0,0.53,0
Matthew Goulding,ENG,Coventry,Sky Bet Championship,DC,25,Right,6.3,0,2,2,32,£150K,2000,0.15,0,0,1,0,2,2,2,0,1,1,0,0,0,0,2,0,74%,2,39,0,0,0,0,0,0,0,4.6,0,0,0,0,0,0
Jamie Walker,ENG,Sheff Wed,Sky Bet League One,DC,23,Right,6.2,46,0,46,3932,£475K 0 £3.4M,2000,N/A,0,1,9,19,478,385,190,84,59,49,11,22,10,148,84,0,86%,182,3160,9,5,5,1,1,0,5.8,486.8,0,0,3,0,1.99,1.39
Harrison Murray Campbell,ENG,Colchester,Sky Bet League Two,DC,25,Right,6.1,46,4,50,3794,£45K 0 £450K,2000,N/A,2,4,13,17,504,378,177,77,59,50,15,24,17,143,75,0,75%,154,2679,14,8,5,0,0,0,4.4,448.6,0,0,3,0,2.35,3.02
Stevie Westwood,SCO,Dunfermline,cinch Championship,WBR,24,Either,5.1,36,0,36,3240,£14K 0 £150K,2000,N/A,0,0,42,17,209,101,488,125,81,68,3,14,2,76,29,0,85%,117,1569,30,9,91,11,6,0,11.9,449.1,0,0,1,0,1.24,1.59
Tom Pritchard,WAL,Crewe,Sky Bet League Two,CM,23,Left,5.8,45,1,46,3344,£80K 0 £800K,2000,N/A,7,1,162,48,271,69,480,149,79,67,0,15,0,48,28,0,83%,58,1276,54,11,223,31,21,0,8.6,454.8,0,0,6,0,5.68,4.01
Will Hughes,WAL,Blackpool,Sky Bet Championship,CM,23,Left,6.4,0,2,2,79,£4.5K 0 £12K,1900,N/A,0,0,1,2,10,3,16,3,2,1,0,0,0,0,0,0,91%,1,22,1,0,4,2,1,0,8,10.6,0,0,0,0,0.11,0
Misha Brimacombe Wiard,ENG,Rochdale,Vanarama National League,CM,24,Left,5.9,42,1,43,3229,£375K,1900,N/A,0,7,73,19,279,106,466,172,79,70,0,17,0,48,29,0,80%,87,1375,57,7,94,9,4,0,8,437.6,0,0,7,0,3.33,5.06
Josea Galeano,PAR,Aldershot,Sky Bet League Two,AMR,23,Right,5.1,36,8,44,3185,£26K 0 £250K,1900,N/A,5,4,33,57,631,90,382,119,59,51,0,8,2,33,11,0,83%,43,1036,33,8,41,6,22,0,6.9,443,0,0,4,0,6.97,4.17
Callum Whyte,IRL,Crawley,Sky Bet League One,CM,21,Left,6.3,32,7,39,2812,£3.5M 0 £6.4M,1900,N/A,10,3,46,77,347,166,547,162,92,66,1,11,4,42,29,0,83%,32,1127,25,3,32,3,5,0,6.8,415.6,0,0,3,0,8.46,1.85
Aled Young,WAL,Cardiff,Sky Bet Championship,AMR,20,Right,5.1,0,3,3,82,£120K 0 £1.2M,1900,N/A,0,0,0,1,16,4,16,3,6,5,0,0,0,4,0,0,71%,7,28,1,0,5,0,0,0,7.7,13.4,0,0,0,0,0.02,0.04
Tomasz Dziuba,POL,Sunderland,Sky Bet Championship,GK,20,Right,6.1,0,0,0,0,£120K 0 £1.2M,1900,N/A,0,0,0,0,0,0,0,0,0,0,0,0,0,0,0,0,0%,0,0,0,0,0,0,0,0,0,0,0,0,0,0,0,0
Cole Akrigg,ENG,Blackburn,Sky Bet Championship,WBR,23,Left,5.1,0,0,0,0,£20K 0 £55K,1900,N/A,0,0,0,0,0,0,0,0,0,0,0,0,0,0,0,0,0%,0,0,0,0,0,0,0,0,0,0,0,0,0,0,0,0
Ryan Blake,ENG,Reading,Sky Bet Championship,WBR,24,Right,5.9,8,13,21,883,£6K 0 £55K,1800,N/A,0,0,14,3,69,20,126,49,33,26,1,4,2,52,13,0,83%,44,476,10,2,79,6,0,0,20.2,143.7,0,0,7,0,0.07,0.62
Chris Richards,IRL,Gillingham,Sky Bet League One,AMR,21,Right,5.1,8,5,13,739,£120K 0 £1.2M,1800,N/A,0,0,10,10,133,28,93,28,11,7,0,3,0,10,6,0,79%,5,220,6,1,15,3,7,0,6.3,94.9,0,0,1,0,1.42,0.39
Cole Beet,ENG,Barnet,Sky Bet League Two,DM,24,Left,5.7,13,1,14,1115,£75K 0 £750K,1800,N/A,0,1,5,0,91,28,136,31,15,13,0,8,1,20,21,0,81%,42,550,19,0,17,2,0,0,9,147.1,0,0,2,0,0,2.12
Nick Jackson,ENG,Rotherham,Sky Bet League One,AMR,23,Right,5.1,22,16,38,1974,£120K 0 £1.2M,1800,N/A,5,2,67,35,140,40,322,112,50,39,0,14,0,30,12,0,82%,36,844,18,2,86,15,13,0,11,275,0,0,2,0,5.1,1.79
Fraser Basham,ENG,Blackburn,Sky Bet Championship,AM,23,Left,5.1,0,0,0,0,£0 0 £28K,1800,N/A,0,0,0,0,0,0,0,0,0,0,0,0,0,0,0,0,0%,0,0,0,0,0,0,0,0,0,0,0,0,0,0,0,0
Domantas Kazlauskas,LTU,Brighton,Sky Bet Championship,CM,20,Right,5.1,0,0,0,0,£26K 0 £250K,1800,N/A,0,0,0,0,0,0,0,0,0,0,0,0,0,0,0,0,0%,0,0,0,0,0,0,0,0,0,0,0,0,0,0,0,0
Jake Collier,ENG,Derby,Sky Bet Championship,DC,21,Either,5.9,1,2,3,129,£16K 0 £150K,1800,N/A,0,0,1,1,14,5,19,3,5,2,0,3,0,5,2,0,80%,9,66,2,1,4,2,0,0,25.1,19.4,0,0,0,0,0.01,0.17
Darron Attwood,ENG,Fleetwood,Sky Bet League One,WBL,24,Left,5.1,24,11,35,2318,£0,1800,N/A,0,4,41,5,143,52,283,119,59,41,2,21,2,91,36,0,77%,79,1108,22,4,72,10,1,2,11.5,332.3,0,0,4,0,0.34,3.12
Piotr Kulejewski,POL,Podbeskidzie,Polish First Division,DC,20,Left,6,0,0,0,0,Not for Sale,1700,N/A,0,0,0,0,0,0,0,0,0,0,0,0,0,0,0,0,0%,0,0,0,0,0,0,0,0,0,0,0,0,0,0,0,0
Barry Williams,WAL,Birmingham,Sky Bet Championship,DM,24,Either,5.1,0,0,0,0,£120K,1700,0.12,0,0,0,0,0,0,0,0,0,0,0,0,0,0,0,0,0%,0,0,0,0,0,0,0,0,0,0,0,0,0,0,0,0
Gary Mathieson,NIR,Barnsley,Sky Bet League One,DM,22,Either,5.1,1,19,20,343,£325K 0 £950K,1700,N/A,1,1,2,6,32,18,57,18,5,4,0,0,0,3,0,0,83%,12,184,3,1,1,0,0,0,7.9,48,0,0,0,0,0.39,0.09
Jevaun Dunkley,ENG,Derby,Sky Bet Championship,CM,20,Right,6.5,0,0,0,0,£160K 0 £1.6M,1700,N/A,0,0,0,0,0,0,0,0,0,0,0,0,0,0,0,0,0%,0,0,0,0,0,0,0,0,0,0,0,0,0,0,0,0
Sean Thompson,JAM,Mount Pleasant FC,Jamaican Premier League,AMR,24,Right,5.9,42,1,43,3799,£0 0 £4K,1700,N/A,17,6,0,119,0,0,0,0,46,36,0,0,0,0,0,0,58%,0,860,0,0,0,0,0,0,0,0,0,0,0,0,13.58,4.81
David Paterson,SCO,Forest Green,Sky Bet Championship,WBR,24,Right,5.1,0,0,0,0,£1.5K,1700,0,0,0,0,0,0,0,0,0,0,0,0,0,0,0,0,0,0%,0,0,0,0,0,0,0,0,0,0,0,0,0,0,0,0
Colin Bloxham,ENG,Wigan,Sky Bet League One,DM,24,Right,5.1,5,21,26,904,£20K 0 £210K,1700,N/A,0,0,14,7,77,22,128,37,8,6,0,9,0,19,14,0,81%,31,459,14,5,2,0,0,0,7.1,119.6,0,0,1,0,0.57,0.93
Jake Batty,ENG,QPR,Sky Bet League One,DC,27,Left,5.8,44,3,47,3874,£90K 0 £900K,1700,N/A,0,4,104,9,220,100,437,152,124,87,3,35,24,160,54,0,83%,236,2245,33,10,109,19,2,0,13.4,537.9,0,0,4,1,0.87,4.13
Pavel Machalek,CZE,Cheltenham,Sky Bet League Two,DC,23,Right,5.6,36,8,44,2944,£600K,1700,N/A,4,5,43,24,221,120,339,110,70,55,6,27,19,130,44,0,79%,111,1491,23,4,111,23,0,0,12.5,394.5,1,1,15,2,2.73,2.41
Eoin Graham,NIR,West Brom,Sky Bet Championship,CM,19,Right,6,0,2,2,6,£325K 0 £3.3M,1700,N/A,0,0,0,1,2,0,3,2,0,0,0,0,0,0,1,0,0%,0,0,0,0,1,0,0,0,0,1.3,0,0,0,0,0.62,0
Greg Tolley,IRL,Blackburn,Sky Bet Championship,DM,22,Right,5.9,0,0,0,0,£0 0 £70K,1700,N/A,0,0,0,0,0,0,0,0,0,0,0,0,0,0,0,0,0%,0,0,0,0,0,0,0,0,0,0,0,0,0,0,0,0
Daniel Pitchford,IRL,Barnet,Sky Bet League Two,ST,24,Right,6,28,10,38,2518,£20K 0 £190K,1700,N/A,9,1,24,90,848,309,262,84,34,24,0,7,1,18,11,0,83%,11,670,17,1,18,2,50,0,4.8,327.1,0,0,4,0,8.81,0.32
Frank Tattum,ENG,Exeter,Sky Bet League Two,ST,25,Right,5.1,46,2,48,4187,£26K 0 £275K,1600,N/A,24,3,54,157,807,169,490,138,79,57,0,7,1,35,22,0,87%,27,1070,33,2,42,1,35,0,6.2,544.5,7,7,1,0,19.48,2.6
Scott Jolliffe,ENG,Crewe,Sky Bet League Two,CM,23,Right,5.9,43,5,48,3421,£375K 0 £1M,1600,N/A,5,7,152,60,226,58,557,183,82,63,0,9,0,48,27,0,85%,70,1570,47,7,156,23,14,0,10.8,462.2,0,0,6,0,8.82,4.97
Kalum Kilgallon,ENG,Peterborough,Sky Bet League One,CM,24,Right,6.2,7,17,24,791,£75K 0 £750K,1600,N/A,3,0,23,22,97,49,104,31,15,13,0,6,0,10,4,0,78%,7,332,16,1,24,1,0,0,9.6,115,0,0,0,0,2.07,0.96
Kavan Baughan,ENG,Oldham,Sky Bet League Two,DC,24,Right,5.9,41,4,45,3432,£550K,1600,N/A,1,3,44,31,314,118,579,189,100,78,1,30,11,67,24,0,76%,110,1370,42,8,35,8,2,1,9.1,503.9,0,0,4,0,1.18,3.82
Jack Ashby,ENG,Accrington,Vanarama National League,DC,24,Left,5.7,47,0,47,4124,£325K,1600,N/A,0,3,62,7,285,149,379,149,88,75,10,40,15,200,81,0,76%,223,2065,50,4,98,16,1,0,11.9,561,0,0,8,1,0.49,4.15
Alex Beeden,ENG,Portsmouth,Sky Bet League One,DM,24,Right,5.9,3,33,36,868,£95K 0 £275K,1600,N/A,0,1,7,8,80,12,129,33,12,9,0,2,1,11,6,0,81%,28,427,5,0,5,1,1,1,7.4,114.5,0,0,1,0,0.69,1.38
Tom Howcroft,ENG,Birmingham,Sky Bet Championship,CM,23,Right,5.1,0,0,0,0,£70K 0 £700K,1600,N/A,0,0,0,0,0,0,0,0,0,0,0,0,0,0,0,0,0%,0,0,0,0,0,0,0,0,0,0,0,0,0,0,0,0
Rio Taylor,ENG,Barnsley,Sky Bet League One,AMR,24,Either,5.9,5,2,7,481,£14K 0 £140K,1600,N/A,0,0,17,5,43,8,67,19,12,8,0,1,0,12,5,0,83%,12,149,9,0,32,3,1,0,7.5,66.6,0,0,2,0,1.25,0.32
Brian Simo,CMR,Reading,Sky Bet Championship,AMR,23,Right,5.9,0,0,0,0,£0 0 £60K,1600,N/A,0,0,0,0,0,0,0,0,0,0,0,0,0,0,0,0,0%,0,0,0,0,0,0,0,0,0,0,0,0,0,0,0,0
Iwan Morgan,WAL,Tranmere,Sky Bet League Two,ST,26,Right,6.2,34,1,35,2733,£22K 0 £220K,1600,N/A,21,2,41,127,1190,262,368,129,42,27,2,5,1,29,15,0,83%,11,598,25,3,26,2,97,0,4.9,366.2,0,0,0,0,16.12,2.39
Mason Ward,ENG,Swindon,Sky Bet League One,CM,22,Either,6.2,49,3,52,3700,£1.2M,1600,N/A,12,8,52,67,656,239,752,238,119,89,1,17,7,60,44,0,80%,47,1367,28,9,25,2,13,0,9.9,552.5,0,0,8,0,7.98,3.86
Trent Stevenson,ENG,Barnsley,Sky Bet League One,DC,24,Right,6,15,16,31,1594,£40K 0 £400K,1600,N/A,1,1,13,11,166,125,125,41,33,22,4,8,14,54,31,0,77%,74,920,19,2,45,11,0,0,10.9,212.4,0,0,1,0,0.48,1.17
Nikolas Andreou,CYP,Sunderland,Sky Bet Championship,AML,19,Either,5.1,0,0,0,0,£300K 0 £2.9M,1500,N/A,0,0,0,0,0,0,0,0,0,0,0,0,0,0,0,0,0%,0,0,0,0,0,0,0,0,0,0,0,0,0,0,0,0
Jake Collins,ENG,Norwich,Sky Bet Championship,CM,18,Left,6,0,0,0,0,£140K 0 £1.4M,1500,N/A,0,0,0,0,0,0,0,0,0,0,0,0,0,0,0,0,0%,0,0,0,0,0,0,0,0,0,0,0,0,0,0,0,0
Stuart Griffiths,ENG,Birmingham,Sky Bet Championship,AM,20,Right,6,0,0,0,0,£2.7M 0 £5.2M,1500,N/A,0,0,0,0,0,0,0,0,0,0,0,0,0,0,0,0,0%,0,0,0,0,0,0,0,0,0,0,0,0,0,0,0,0
Craig Butler,ENG,Portsmouth,Sky Bet League One,DC,23,Right,6.3,28,22,50,2422,£300K 0 £2.9M,1500,N/A,0,0,18,14,240,187,280,88,67,50,2,10,3,45,20,0,86%,87,1385,13,3,14,1,2,0,8.9,330.3,0,0,2,0,1.46,1.85
Stephen Brown,IRL,Aldershot,Sky Bet League Two,DC,23,Right,6.3,40,8,48,3244,£550K,1500,N/A,1,3,12,9,381,261,311,114,67,58,2,23,14,78,51,0,81%,119,1934,22,4,9,0,1,0,6.3,431.1,0,0,10,1,0.86,2.42
Callum Fitzpatrick,ENG,Coventry,Sky Bet Championship,DC,21,Right,6.3,9,6,15,841,£4.7M 0 £6.8M,1500,N/A,0,0,0,5,73,65,33,12,4,4,0,3,2,19,39,0,81%,41,707,1,0,0,0,1,1,3.3,102.4,0,0,1,0,0.3,0.04
Kyelan Krause,IRL,Carlisle,Sky Bet League One,DC,23,Right,6.2,0,3,3,25,£0 0 £12K,1500,N/A,0,0,0,1,4,2,1,0,0,0,0,0,0,1,0,0,65%,3,17,0,0,2,0,0,0,0,5.6,0,0,0,0,0.01,0
Dan Toulson,ENG,Forest Green,Sky Bet Championship,DC,26,Right,6,0,1,1,45,£24K,1500,0.02,0,0,0,0,9,7,4,1,2,2,0,2,2,3,0,0,57%,2,28,0,0,0,0,0,0,0,5.6,0,0,0,0,0,0
Nathan Bell,ENG,Shrewsbury,Sky Bet League Two,DC,23,Either,5.1,44,2,46,3783,£85K 0 £850K,1500,N/A,0,1,2,5,441,291,155,66,49,36,9,24,30,164,69,0,82%,121,3081,5,2,1,1,0,0,5.3,458.2,0,0,3,0,0.84,1.08
Richard Dobinson,GIB,AFC Wimbledon,Sky Bet League One,DC,24,Right,6,7,10,17,819,£35K 0 £110K,1500,N/A,0,0,1,1,80,54,37,16,18,14,4,6,2,47,13,0,63%,55,483,2,0,0,0,0,0,4.4,105.3,0,0,1,0,0.01,0.08
George Scanlon,ENG,Carlisle,Sky Bet League One,DM,24,Either,6.1,30,6,36,2375,£170K,1500,N/A,2,2,13,9,145,75,324,100,71,56,3,14,1,47,14,0,86%,113,1285,30,5,9,1,0,0,9.8,321.7,0,0,11,3,0.54,3.35
Godfred Boakye,ENG,QPR,Sky Bet League One,DC,25,Right,6.3,7,33,40,1363,£16K 0 £160K,1500,N/A,1,1,6,8,144,96,91,18,16,13,4,8,8,43,23,0,80%,53,908,8,1,1,0,0,0,6.8,175.2,0,0,3,0,0.46,0.9
Femi Seriki,NGA,Forest Green,Sky Bet Championship,DM,29,Right,6,12,13,25,1261,£35K 0 £350K,1500,N/A,0,0,10,2,98,56,125,51,40,34,4,14,5,62,38,0,69%,58,607,12,3,22,5,1,1,10.5,180.4,0,0,1,0,0.17,0.74
Collins Odita,ENG,Cheltenham,Sky Bet League Two,CM,19,Left,5.1,18,1,19,1506,£95K 0 £950K,1500,N/A,11,4,20,40,239,46,179,45,23,18,0,8,0,16,10,0,87%,11,389,13,5,11,4,20,0,7.1,208,1,1,0,0,4.8,1.4
Ryan Chapman,IRL,Watford,Sky Bet League One,DC,20,Right,6,2,1,3,217,£425K 0 £1.2M,1500,N/A,0,0,1,2,21,17,29,4,2,2,0,1,0,4,2,0,82%,5,120,1,1,0,0,0,0,7.1,26.2,0,0,0,0,0.04,0.33
Colin Bowman,IRL,Huddersfield,Sky Bet Championship,CM,21,Right,6,0,2,2,33,£475K 0 £1.4M,1400,N/A,0,1,0,2,7,6,3,1,1,1,0,0,0,0,0,0,89%,2,19,1,1,0,0,0,0,0,5.6,0,0,0,0,0.12,0.36
Rhys Lewis,WAL,Morecambe,Sky Bet League Two,CM,23,Left,5.9,43,2,45,3469,£70K 0 £700K,1400,N/A,5,5,49,46,427,64,513,163,76,55,0,14,2,53,27,0,83%,73,1464,46,13,104,8,11,0,8.8,501.5,0,0,8,3,4.05,5.93
Lamin Samba,GAM,Carlisle,Sky Bet League One,CM,21,Right,5.4,4,6,10,414,Not for Sale,1400,N/A,0,0,16,5,37,12,52,13,8,7,0,1,2,10,3,0,84%,10,192,3,0,19,4,2,0,13.3,60.1,0,0,0,0,0.87,0.39
Alex White,WAL,Morecambe,Sky Bet League Two,DC,24,Right,6.1,49,4,53,4287,£450K,1400,N/A,3,1,6,33,479,329,186,75,55,45,13,38,39,147,94,0,82%,173,3246,15,0,4,0,0,1,4.8,510,0,0,7,1,3.49,0.94
Ibrahim Suma,SLE,Sutton,Sky Bet League Two,CM,23,Left,5.9,27,11,38,2445,£0 0 £18K,1400,N/A,9,1,33,58,518,59,256,77,40,26,0,6,0,21,25,0,82%,20,643,26,6,113,12,38,0,5.3,326.7,0,0,6,1,6.75,1.33
Cole Money,ENG,Preston,Sky Bet Championship,CM,23,Right,6,0,1,1,13,£55K,1400,0.06,0,0,0,0,2,1,3,2,0,0,0,0,0,2,0,0,77%,2,13,1,0,0,0,0,0,0,2.2,0,0,0,0,0,0.08
Pearse Watters,NIR,Derby,Sky Bet Championship,DC,21,Left,5.6,2,3,5,232,£800K 0 £1.6M,1400,N/A,0,0,3,3,8,4,37,10,9,7,0,3,0,11,3,0,89%,13,163,3,1,2,0,0,0,17.8,37.5,0,0,0,0,0.05,0.03
Jimmy Wong,HKG,Sheff Utd,Sky Bet Championship,DC,22,Right,5.7,0,0,0,0,£110K 0 £1.1M,1400,N/A,0,0,0,0,0,0,0,0,0,0,0,0,0,0,0,0,0%,0,0,0,0,0,0,0,0,0,0,0,0,0,0,0,0
Joe Tomlinson,ENG,Fleetwood,Sky Bet League One,WBR,31,Either,5.6,43,1,44,3688,£0 0 £65K,1400,N/A,2,5,69,10,233,82,461,148,119,96,3,45,13,130,52,0,85%,157,1879,54,12,272,40,4,0,14.2,509.3,1,1,3,0,1.1,5.08
Steven Smith,ENG,Forest Green,Sky Bet Championship,CM,24,Right,5.1,1,1,2,73,£30K,1400,0.03,0,0,5,1,7,1,15,6,3,3,0,0,0,2,1,0,64%,4,25,1,1,7,1,0,0,13.6,11.2,0,0,1,0,0.04,0.26
Ed Parfitt,WAL,Cardiff,Sky Bet Championship,GK,22,Right,6.2,0,0,0,0,£60K 0 £600K,1400,N/A,0,0,0,0,0,0,0,0,0,0,0,0,0,0,0,0,0%,0,0,0,0,0,0,0,0,0,0,0,0,0,0,0,0
Josh Simpson,ENG,AFC Wimbledon,Sky Bet League One,DM,23,Right,6.2,18,12,30,1770,£16K 0 £150K,1400,N/A,3,1,18,31,176,124,304,93,48,33,0,6,2,37,13,0,80%,82,852,24,4,13,2,2,0,8,252.6,0,0,0,0,1.78,1.68
Gareth Rees,WAL,Reading,Sky Bet Championship,CM,19,Left,6.2,0,0,0,0,£35K 0 £350K,1400,N/A,0,0,0,0,0,0,0,0,0,0,0,0,0,0,0,0,0%,0,0,0,0,0,0,0,0,0,0,0,0,0,0,0,0
Clarke Mcrae,SCO,Wigan,Sky Bet League One,CM,23,Right,6,4,33,37,1041,£65K 0 £650K,1400,N/A,0,0,24,26,123,56,167,51,22,18,0,4,0,14,12,0,79%,17,403,12,2,54,3,3,0,9.3,137.4,0,0,1,0,3.04,0.65
Stephen Wood,WAL,Wycombe,Sky Bet League Two,CM,22,Left,6.1,45,0,45,3386,£30K 0 £300K,1400,N/A,6,3,95,66,472,220,639,193,126,105,0,37,6,53,46,0,73%,59,977,40,10,241,20,11,1,9.5,496.7,0,0,2,0,4.61,4.02
Cian Hastings,SCO,Reading,Sky Bet Championship,CM,22,Left,6.2,0,1,1,26,£0 0 £55K,1400,N/A,0,0,1,1,5,4,5,1,2,1,0,0,0,0,1,0,58%,4,12,0,0,1,0,0,0,0,3.9,0,0,0,0,0.02,0
Oliver Souttar,SCO,Sheff Utd,Sky Bet Championship,WBR,21,Left,6.1,2,6,8,269,£2.9M 0 £5.4M,1400,N/A,1,0,0,1,22,14,33,9,6,5,0,1,0,4,6,0,84%,9,138,2,1,2,0,0,0,17.4,40.4,0,0,1,0,0.02,0.51
Richard Jones,WAL,Aston Villa,English Premier Division,DC,19,Right,6.4,0,0,0,0,£22K 0 £210K,1300,N/A,0,0,0,0,0,0,0,0,0,0,0,0,0,0,0,0,0%,0,0,0,0,0,0,0,0,0,0,0,0,0,0,0,0
John Farrell,ENG,Reading,Sky Bet Championship,DM,23,Right,6,0,0,0,0,£3K 0 £9K,1300,N/A,0,0,0,0,0,0,0,0,0,0,0,0,0,0,0,0,0%,0,0,0,0,0,0,0,0,0,0,0,0,0,0,0,0
Alhassane Kamano,GUI,West Brom,Sky Bet Championship,WBL,20,Left,6,0,0,0,0,£100K 0 £1M,1300,N/A,0,0,0,0,0,0,0,0,0,0,0,0,0,0,0,0,0%,0,0,0,0,0,0,0,0,0,0,0,0,0,0,0,0
Joseph Civil,ENG,Oldham,Sky Bet League Two,AMR,24,Right,5.1,45,6,51,3507,£550K,1300,N/A,11,11,86,87,985,364,532,159,117,88,2,13,4,39,40,0,78%,31,1012,84,15,196,35,52,0,7.7,499.3,0,0,5,0,11,8.1
Stephen Adamson,ENG,Birmingham,Sky Bet Championship,CM,22,Right,5.6,0,0,0,0,£0 0 £20K,1300,N/A,0,0,0,0,0,0,0,0,0,0,0,0,0,0,0,0,0%,0,0,0,0,0,0,0,0,0,0,0,0,0,0,0,0
Charlie Robinson,ENG,Grimsby,Sky Bet League Two,DC,27,Right,6.4,42,2,44,3565,£30K 0 £300K,1300,N/A,3,0,1,33,613,549,145,59,43,35,12,32,25,173,65,0,89%,179,3407,7,0,1,0,0,1,3.7,420.5,0,0,7,0,2.5,1.03
Adam Wickenden,ENG,Woking,Sky Bet League Two,DC,24,Right,6,42,3,45,3548,£24K 0 £240K,1300,N/A,2,1,5,21,588,504,130,52,45,34,18,31,22,161,98,0,63%,159,2105,9,1,11,1,1,1,4.3,419.2,0,0,11,1,0.89,0.68
Saren Pett,GER,Birmingham,Sky Bet Championship,DC,22,Right,6,0,0,0,0,£0 0 £2K,1300,N/A,0,0,0,0,0,0,0,0,0,0,0,0,0,0,0,0,0%,0,0,0,0,0,0,0,0,0,0,0,0,0,0,0,0
Andrew Harris,WAL,Birmingham,Sky Bet Championship,DC,21,Left,5.1,0,0,0,0,£120K 0 £1.2M,1300,N/A,0,0,0,0,0,0,0,0,0,0,0,0,0,0,0,0,0%,0,0,0,0,0,0,0,0,0,0,0,0,0,0,0,0
Andy Cunningham,ENG,Millwall,Sky Bet Championship,DC,22,Left,6.2,3,5,8,291,£90K 0 £900K,1200,N/A,0,0,2,2,22,19,19,7,5,2,1,1,1,4,7,0,88%,14,232,3,1,8,3,2,0,11.4,42,0,0,0,1,0.07,0.42
Lamell Iorfa,ENG,Oxford,Sky Bet League One,DC,24,Left,5.1,1,7,8,217,£60K 0 £600K,1200,N/A,0,0,5,0,19,12,18,2,0,0,0,4,1,12,4,0,76%,14,126,2,0,4,0,0,0,11.2,29,0,0,0,0,0,0
Peter Davies,WAL,Cardiff,Sky Bet Championship,AM,23,Right,5.9,0,0,0,0,£9K 0 £26K,1200,N/A,0,0,0,0,0,0,0,0,0,0,0,0,0,0,0,0,0%,0,0,0,0,0,0,0,0,0,0,0,0,0,0,0,0
Willy Kauffmann,SUI,Walsall,Sky Bet League Two,DC,23,Right,6.2,48,1,49,4263,£400K,1200,N/A,1,1,6,20,687,549,201,102,62,51,14,26,20,185,86,0,69%,239,3160,16,3,8,0,0,0,4.2,529,0,0,4,0,1.82,1.18
Alex Tingle,ENG,Cambridge,Sky Bet League One,AMR,23,Right,5.8,0,8,8,203,£200K,1200,0.2,0,1,8,6,25,4,30,16,6,3,0,1,0,3,3,0,79%,4,76,2,0,17,3,0,0,10.2,28.6,0,0,0,1,0.52,0
Brian Murphy,IRL,Blackpool,Sky Bet Championship,CM,22,Right,6,0,0,0,0,£0 0 £30K,1200,N/A,0,0,0,0,0,0,0,0,0,0,0,0,0,0,0,0,0%,0,0,0,0,0,0,0,0,0,0,0,0,0,0,0,0
Mateusz Sota,POL,Stevenage,Sky Bet League Two,CM,22,Left,6,12,0,12,945,£0 0 £100K,1200,N/A,2,1,12,22,223,32,91,41,14,9,0,3,0,8,4,0,85%,7,235,10,0,6,1,11,0,4.6,120.8,1,1,1,1,2.07,1.04
Rhodri Marks,SCO,Brighton,Sky Bet Championship,DM,20,Right,5.1,0,0,0,0,£110K 0 £1.1M,1200,N/A,0,0,0,0,0,0,0,0,0,0,0,0,0,0,0,0,0%,0,0,0,0,0,0,0,0,0,0,0,0,0,0,0,0
Gabriel Okachi,NGA,Everton,English Premier Division,CM,21,Right,5.5,0,0,0,0,£55K 0 £550K,1200,N/A,0,0,0,0,0,0,0,0,0,0,0,0,0,0,0,0,0%,0,0,0,0,0,0,0,0,0,0,0,0,0,0,0,0
Lewis Gordon,ENG,Colchester,Sky Bet League Two,WBL,31,Left,5.9,34,1,35,2937,Not for Sale,1200,N/A,1,3,46,9,197,71,330,102,86,76,3,38,17,122,46,0,80%,172,1625,30,5,64,9,1,0,12.9,413.3,0,0,1,0,0.57,4.3
Kenny Whelan,ENG,Salford,Sky Bet League Two,CM,22,Right,5.6,10,33,43,1629,£300K 0 £850K,1100,N/A,3,1,39,37,165,37,240,81,44,30,1,9,1,24,10,0,77%,36,635,23,10,59,5,6,0,7.4,235.6,0,0,3,0,4.46,4.27
James Plant,ENG,Oldham,Sky Bet League Two,DC,24,Right,6.2,33,4,37,2902,£70K 0 £700K,1100,N/A,0,1,18,17,356,288,287,91,50,32,2,17,7,60,76,0,73%,101,1307,22,1,10,2,0,3,6,409.6,0,0,4,0,0.55,0.95
Reece Madden,ENG,Bristol City,Sky Bet Championship,DC,22,Right,5.1,1,14,15,261,£350K 0 £3.4M,1100,N/A,0,0,3,4,11,4,42,14,7,7,0,1,0,5,7,0,78%,19,245,7,0,1,1,1,0,14.5,43.9,0,0,0,0,0.08,0.23
Charlie Bonser,ENG,Burton,Sky Bet League One,CM,24,Right,5.8,0,1,1,9,£0,1100,N/A,0,0,0,1,1,0,1,1,0,0,0,0,0,0,0,0,100%,0,3,0,0,0,0,0,0,0,0.3,0,0,0,0,0.09,0
Adrian Keizer,BRB,Aldershot,Sky Bet League Two,DC,20,Right,5.1,36,3,39,3241,£140K 0 £1.4M,1100,N/A,0,4,22,16,250,109,434,142,92,66,3,25,16,61,53,0,85%,118,1781,38,5,48,5,4,0,8.2,444.6,1,0,3,0,2.47,1.92
Owain Preece,WAL,Cardiff,Sky Bet Championship,CM,19,Right,5.9,0,1,1,21,£110K 0 £1.1M,1100,N/A,0,0,0,0,0,0,4,1,2,1,1,0,0,0,2,0,100%,0,4,0,0,0,0,0,0,0,3,0,0,0,0,0,0
Ronan Lally,IRL,Cork City,Irish First Division,DC,23,Right,5.7,11,0,11,990,£24K 0 £240K,1100,N/A,0,1,4,9,141,85,71,25,15,15,1,8,4,41,15,0,81%,51,675,6,3,2,0,0,0,4.1,122.7,0,0,1,0,1.89,1.19
Alex Dickson,IRL,Shelbourne,Irish Premier Division,AMR,23,Left,5.1,4,0,4,360,£375K,1100,N/A,1,1,2,11,80,6,30,16,6,5,1,0,0,1,2,0,85%,2,92,4,0,2,0,7,0,4.3,40.1,0,0,1,0,1,0.22
Kyle Nelson,IRL,Sheff Wed,Sky Bet League One,AML,23,Right,6,0,0,0,0,£220K,1100,0.22,0,0,0,0,0,0,0,0,0,0,0,0,0,0,0,0,0%,0,0,0,0,0,0,0,0,0,0,0,0,0,0,0,0
Taylor Baxter,ENG,Watford,Sky Bet League One,WBR,20,Right,6,0,5,5,76,£65K 0 £650K,1100,N/A,0,0,0,1,9,6,2,0,1,0,0,0,0,5,0,0,53%,9,64,0,0,0,0,0,0,2.4,10.9,0,0,1,0,0.08,0
Keith Coughlan,IRL,Watford,Sky Bet League One,DC,22,Right,6.1,0,0,0,0,£1.5K 0 £16K,1100,N/A,0,0,0,0,0,0,0,0,0,0,0,0,0,0,0,0,0%,0,0,0,0,0,0,0,0,0,0,0,0,0,0,0,0
Graham O'Shea,ENG,Carlisle,Sky Bet League One,DM,24,Right,5.1,7,16,23,927,£18K 0 £170K,1100,N/A,0,0,11,5,80,53,109,28,14,12,0,8,0,11,13,0,81%,51,536,13,3,2,0,0,0,8.9,135.2,0,0,3,0,0.58,0.48
Tom Routledge,ENG,Barnsley,Sky Bet League One,CM,22,Right,6,3,7,10,384,£500 0 £4.5K,1100,N/A,1,0,9,7,99,23,45,16,8,5,0,0,0,5,4,0,79%,9,112,9,1,5,1,4,0,7,53.4,0,0,0,0,0.65,0.76
Ryan Pemberton,ENG,Bournemouth,English Premier Division,WBL,22,Left,5.8,0,0,0,0,£45K,1000,N/A,0,0,0,0,0,0,0,0,0,0,0,0,0,0,0,0,0%,0,0,0,0,0,0,0,0,0,0,0,0,0,0,0,0
Berkay Anan,TUR,Ey√ºpspor,Turkish 1. League,DC,24,Left,6.3,34,1,35,3079,£325K 0 £1M,1000,N/A,1,4,0,8,0,0,0,0,68,67,0,0,0,0,0,0,68%,0,700,0,0,0,0,0,0,0,0,0,0,1,0,0.76,0.05
Thomas Lucas,NIR,Blackpool,Sky Bet Championship,CM,22,Right,6.2,0,2,2,53,£65K 0 £650K,1000,N/A,0,0,2,1,10,6,5,2,1,1,0,1,0,1,2,0,71%,1,17,0,0,0,0,0,0,0,8,0,0,0,0,0.09,0
Tom Astley,ENG,Aldershot,Sky Bet League Two,AML,24,Left,6,40,7,47,2973,£16K 0 £150K,1000,N/A,6,2,44,42,797,230,318,109,61,50,0,8,3,24,22,0,83%,15,762,26,3,31,8,37,0,4.5,386.3,0,0,2,1,5.52,2.18
Edmund Mensah,GHA,Hull,Sky Bet Championship,DC,19,Either,5.6,0,0,0,0,£65K 0 £650K,1000,N/A,0,0,0,0,0,0,0,0,0,0,0,0,0,0,0,0,0%,0,0,0,0,0,0,0,0,0,0,0,0,0,0,0,0
Jordan Wilson,ENG,Millwall,Sky Bet Championship,DC,22,Right,6.2,0,1,1,27,£0 0 £18K,1000,N/A,0,0,1,0,3,3,3,0,0,0,0,0,0,1,2,0,88%,2,26,0,0,5,0,0,0,0,4.4,0,0,0,0,0,0
David Kelly,NIR,Woking,Sky Bet League Two,WBL,23,Left,6.1,38,0,38,3179,£50K 0 £500K,975,N/A,0,1,34,23,284,246,343,106,89,72,1,47,22,181,75,0,75%,163,1658,37,7,131,17,3,1,11.2,453.5,0,0,10,0,1.28,3.01
Joe Fairs,IRL,Wrexham,Sky Bet League Two,WBR,23,Right,5.9,0,4,4,55,£110K,975,0.12,0,0,1,1,7,2,10,2,2,1,0,1,0,1,0,0,82%,1,17,0,0,1,0,0,0,0,9.2,0,0,0,0,0.02,0
Harrison McDonald,ENG,Millwall,Sky Bet Championship,CM,22,Right,6.1,0,0,0,0,£0 0 £35K,950,N/A,0,0,0,0,0,0,0,0,0,0,0,0,0,0,0,0,0%,0,0,0,0,0,0,0,0,0,0,0,0,0,0,0,0
Rodney Carson,NIR,Linfield,Danske Bank Premiership,CM,23,Either,6.2,30,5,35,2359,£90K 0 £900K,925,N/A,5,0,37,33,389,94,407,124,56,43,0,4,0,31,18,0,82%,49,875,62,4,18,2,8,0,8.6,335.2,0,0,0,0,3.13,1.43
K√©vin Mamah,TOG,Portsmouth,Sky Bet League One,DM,22,Either,5.1,3,9,12,382,£70K 0 £700K,925,N/A,0,1,5,2,33,9,53,18,6,3,0,5,2,2,5,0,80%,13,168,6,0,10,2,0,0,6.4,50.9,0,0,0,0,0.03,1.21
Trevor Deans,IRL,Derry City,Irish Premier Division,DM,24,Right,5.7,7,2,9,618,£375K 0 £1.2M,925,N/A,0,1,4,2,27,8,69,26,17,16,1,4,2,11,4,0,84%,36,400,10,3,2,0,0,0,9.2,78.2,0,0,0,0,0.03,1.71
Luke Walsh,IRL,Crawley,Sky Bet League One,CM,21,Right,5.1,4,1,5,384,Not for Sale,900,N/A,1,1,10,9,32,8,44,16,3,3,0,3,2,3,7,0,88%,6,140,5,1,9,1,4,0,5.2,55.4,0,0,0,0,0.65,0.56
Michael Payne Harrop,ENG,Crewe,Sky Bet League Two,AML,23,Left,5.1,3,16,19,510,£210K 0 £600K,900,N/A,1,0,15,12,83,19,60,18,9,8,0,2,1,4,4,0,78%,3,151,7,0,13,2,3,0,5.7,72.4,0,0,0,0,2.62,0.16
Stuart Watts,WAL,Leyton Orient,Vanarama National League,DM,24,Right,5.1,46,0,46,3722,£190K 0 £550K,875,N/A,7,6,57,44,359,96,564,168,77,58,0,18,0,60,36,0,79%,106,1790,47,9,38,7,5,0,6.4,495.8,0,0,3,0,5.27,8.06
Brook Myers,ENG,Fleetwood,Sky Bet League One,CM,26,Right,6.1,1,6,7,120,£10K 0 £95K,875,N/A,0,0,0,1,15,7,21,5,5,4,0,1,0,0,1,0,81%,7,64,1,1,1,0,1,0,6.8,18.9,0,0,0,0,0.07,0.08
Toby Pearson,IRL,Charlton,Sky Bet League One,CM,24,Right,5.9,0,0,0,0,£30K,875,0.03,0,0,0,0,0,0,0,0,0,0,0,0,0,0,0,0,0%,0,0,0,0,0,0,0,0,0,0,0,0,0,0,0,0
Jonathan Bott,ENG,Aldershot,Sky Bet League Two,DC,23,Either,5.1,44,0,44,3714,£18K 0 £180K,875,N/A,0,0,6,22,537,321,176,84,48,39,10,29,28,138,87,0,66%,157,2562,11,2,5,2,3,0,4.4,459.4,0,0,11,0,1.91,0.47
Jorge Barrington,IRL,Crewe,Sky Bet League Two,AM,21,Right,5.1,17,23,40,1612,£140K 0 £1.4M,850,N/A,5,2,56,54,192,42,234,70,37,33,0,5,1,19,5,0,86%,20,571,14,6,55,6,11,0,9.8,217.7,0,0,1,0,5.82,2.19
Michael Roberts,WAL,York,Vanarama National League,CM,22,Right,5.9,22,0,22,1763,£1M 0 £2M,850,N/A,1,3,35,42,254,55,256,76,27,26,0,11,0,27,22,0,83%,25,680,22,3,15,0,6,0,8.2,252.9,0,0,5,1,7.32,2.7
Jakob Rosser,ENG,Wolves,Sky Bet Championship,WBL,22,Left,5.1,0,0,0,0,£0 0 £1K,850,N/A,0,0,0,0,0,0,0,0,0,0,0,0,0,0,0,0,0%,0,0,0,0,0,0,0,0,0,0,0,0,0,0,0,0
Uttam Ghosh,IND,Barnsley,Sky Bet League One,DC,20,Right,6.7,0,1,1,21,£650K 0 £1.3M,850,N/A,0,0,0,1,6,5,1,1,1,1,0,0,0,2,0,0,59%,0,17,0,0,0,0,0,0,0,2.5,0,0,0,0,0.04,0
Christie Hubbard,ENG,West Brom,Sky Bet Championship,CM,22,Right,6.4,0,0,0,0,£0 0 £20K,825,N/A,0,0,0,0,0,0,0,0,0,0,0,0,0,0,0,0,0%,0,0,0,0,0,0,0,0,0,0,0,0,0,0,0,0
David Eggington,NIR,Charlton,Sky Bet League One,GK,24,Right,6,0,0,0,0,£170K,825,0.17,0,0,0,0,0,0,0,0,0,0,0,0,0,0,0,0,0%,0,0,0,0,0,0,0,0,0,0,0,0,0,0,0,0
Patsy Judge,IRL,Charlton,Sky Bet League One,AMR,23,Left,5.9,0,9,9,123,£100K 0 £300K,825,N/A,0,0,2,0,13,0,16,5,1,1,0,1,0,1,2,0,78%,0,40,0,0,7,0,0,0,5.1,16.4,0,0,0,0,0,0
Karl O'Connor,IRL,Aldershot,Sky Bet League Two,AM,24,Right,5.7,17,0,17,1530,£50K 0 £500K,800,N/A,5,0,19,30,194,35,222,60,34,23,0,9,3,31,14,0,82%,27,550,35,3,76,10,5,0,8.2,226,2,2,0,0,5.13,1.2
Hamza El Azzouzi,MAR,Charlton,Sky Bet League One,AML,23,Right,6,0,0,0,0,£0,800,N/A,0,0,0,0,0,0,0,0,0,0,0,0,0,0,0,0,0%,0,0,0,0,0,0,0,0,0,0,0,0,0,0,0,0
Karl Browne,IRL,Finn Harps,Irish Premier Division,CM,23,Left,6,11,0,11,890,£12K 0 £110K,800,N/A,1,0,19,17,205,56,101,18,8,6,0,3,0,9,5,0,81%,7,271,8,2,29,6,13,0,6,110.7,0,0,0,0,1.45,0.42
Neil Brown,WAL,Cardiff,Sky Bet Championship,AML,22,Right,6.1,0,0,0,0,£0 0 £16K,750,N/A,0,0,0,0,0,0,0,0,0,0,0,0,0,0,0,0,0%,0,0,0,0,0,0,0,0,0,0,0,0,0,0,0,0
Jack Deal,ENG,Fleetwood,Sky Bet League One,CM,22,Right,5.1,1,9,10,246,£65K 0 £650K,750,N/A,0,0,10,2,23,6,33,9,3,3,0,1,0,4,2,0,84%,5,92,4,0,17,1,0,0,8.8,30.6,0,0,1,0,0.14,0.09
Seanan Finkelstein,IRL,Fulham,Sky Bet Championship,WBR,21,Right,6,0,0,0,0,£500K 0 £1.4M,725,N/A,0,0,0,0,0,0,0,0,0,0,0,0,0,0,0,0,0%,0,0,0,0,0,0,0,0,0,0,0,0,0,0,0,0
Dasiri Allou,IRL,Shelbourne,Irish Premier Division,DC,20,Right,6.2,1,5,6,162,£90K 0 £900K,725,N/A,1,0,1,2,16,14,15,3,3,3,0,1,4,8,1,0,86%,8,91,0,0,2,0,0,0,10,19.7,0,0,0,0,0.2,0.01
Luke Lewis,WAL,Sunderland,Sky Bet Championship,DC,21,Either,6.2,0,0,0,0,£20K 0 £190K,725,N/A,0,0,0,0,0,0,0,0,0,0,0,0,0,0,0,0,0%,0,0,0,0,0,0,0,0,0,0,0,0,0,0,0,0
Dale Clulow,AUS,Brisbane Roar,Isuzu UTE A0League,WBR,23,Right,5.6,23,0,23,1831,£325K,700,N/A,0,0,60,5,130,79,249,74,40,31,2,11,6,63,22,0,77%,63,801,25,1,148,18,3,0,14.2,275.9,0,0,2,0,0.53,0.66
Ashanti Jeynes,ENG,Charlton,Sky Bet League One,CM,22,Right,5.1,0,1,1,4,£30K 0 £300K,675,N/A,0,0,0,0,0,0,0,0,0,0,0,0,0,1,0,0,50%,0,2,0,0,0,0,0,0,0,1,0,0,0,0,0,0
Dino Halilovic,CAN,Wycombe,Sky Bet League Two,AMR,24,Right,5.1,39,5,44,3087,£22K 0 £210K,675,N/A,4,3,88,43,567,111,342,110,42,31,1,13,4,66,30,0,80%,57,888,46,11,212,22,26,0,6.9,431.4,0,0,3,0,4.27,3.61
Corey Jackson,IRL,Bohemians,Irish First Division,AMR,23,Left,5.9,11,0,11,872,£95K 0 £950K,650,N/A,2,3,27,16,87,20,113,38,18,15,0,0,0,13,5,0,74%,24,297,15,7,58,6,3,0,8.6,115.3,0,0,2,1,0.96,2.58
Connor Spitzers,NED,Forest Green,Sky Bet Championship,GK,22,Right,6.3,0,0,0,0,£100K 0 £1M,650,N/A,0,0,0,0,0,0,0,0,0,0,0,0,0,0,0,0,0%,0,0,0,0,0,0,0,0,0,0,0,0,0,0,0,0
David Jenkins,WAL,Hull,Sky Bet Championship,DC,20,Right,6.4,0,0,0,0,£12K 0 £110K,650,N/A,0,0,0,0,0,0,0,0,0,0,0,0,0,0,0,0,0%,0,0,0,0,0,0,0,0,0,0,0,0,0,0,0,0
Tatenda Phiri,ZIM,Harrogate,Vanarama National League,WBR,24,Either,5.8,19,9,28,1989,£210K,625,N/A,2,2,86,15,167,45,278,73,28,24,0,14,0,41,17,0,76%,39,640,26,7,129,16,4,0,8.8,271.7,0,0,3,0,2.34,4.22
Ollie Ramage,SCO,Ayr,cinch Championship,AM,22,Right,5.1,0,14,14,261,£20K 0 £200K,625,N/A,1,0,2,4,61,19,21,4,2,2,0,0,0,2,2,0,72%,3,108,0,1,0,0,1,0,4.8,33.4,1,1,0,0,0.65,0.13
Iddris Musa,GHA,Asante Kotoko,Ghanaian Premier Division,WBR,23,Right,5.9,46,1,47,4135,£16K 0 £50K,550,N/A,2,0,1,20,35,19,37,14,71,69,0,1,1,6,3,0,73%,13,1044,4,0,2,0,0,0,0.8,52.4,0,0,3,2,1.86,4.47
Lewis Roberts,ENG,Torquay,Vanarama National League,DC,23,Right,6.1,39,0,39,3182,£325K,550,N/A,0,4,49,11,229,180,273,93,68,53,3,15,34,138,48,0,74%,164,1610,30,5,92,19,3,0,10.8,439.4,0,0,15,2,1.24,4.83
Cameron Palmer,ENG,Sheff Utd,Sky Bet Championship,AM,22,Right,6.2,0,2,2,43,£0 0 £28K,550,N/A,1,0,0,1,13,7,4,1,0,0,0,0,0,0,0,0,82%,0,11,2,2,0,0,0,0,0,6.3,0,0,0,0,0.43,0.2
Perri Zydonik,ENG,Leyton Orient,Vanarama National League,CM,24,Right,6,0,0,0,0,£24K 0 £240K,550,N/A,0,0,0,0,0,0,0,0,0,0,0,0,0,0,0,0,0%,0,0,0,0,0,0,0,0,0,0,0,0,0,0,0,0
Darren Jones,WAL,Leyton Orient,Vanarama National League,DM,24,Right,5.1,5,8,13,703,£10K 0 £100K,550,N/A,0,0,6,7,49,22,80,34,13,11,0,2,0,10,6,0,86%,30,366,6,0,2,0,0,0,8.7,97,0,0,1,0,1.47,0.81
Oneil Staple,JAM,Mount Pleasant FC,Jamaican Premier League,WBR,24,Right,5.7,32,0,32,2880,£20K 0 £210K,525,N/A,0,2,0,59,0,0,0,0,47,45,0,0,0,0,0,0,67%,0,640,0,0,0,0,0,0,0,0,0,0,0,0,5.92,1.55
Shaun Chambers,ENG,Barnet,Sky Bet League Two,AML,22,Left,6.2,4,8,12,555,£55K 0 £550K,525,N/A,1,2,5,12,133,30,71,23,10,10,0,2,0,6,2,0,78%,9,160,11,1,7,0,8,0,5.8,69.3,1,1,0,0,0.93,1.09
Kyle Houghton,IRL,Cardiff,Sky Bet Championship,DC,22,Right,6.2,0,0,0,0,£12K 0 £130K,525,N/A,0,0,0,0,0,0,0,0,0,0,0,0,0,0,0,0,0%,0,0,0,0,0,0,0,0,0,0,0,0,0,0,0,0
Marvin Apataki,COD,Fleetwood,Sky Bet League One,AMR,23,Right,5.7,2,25,27,611,£20K 0 £190K,500,N/A,3,0,14,20,140,16,63,32,8,8,0,4,1,11,1,0,83%,7,173,3,1,14,1,8,0,6.9,85.8,0,0,1,0,1.69,0.45
Jason Watson,AUS,Central Coast Mariners,Isuzu UTE A0League,DC,20,Left,6.2,5,0,5,450,Not for Sale,500,N/A,0,0,2,3,40,31,42,12,7,6,1,5,1,25,12,0,78%,25,243,5,0,6,0,0,0,14,67.7,0,0,1,0,0.2,0
Jaquelino Ambrosio,ANG,Preston,Sky Bet Championship,DC,21,Left,6.4,0,1,1,7,£500K 0 £1.1M,500,N/A,0,0,0,1,3,2,1,0,1,1,0,0,0,0,1,0,80%,1,5,0,0,0,0,0,0,0,1.4,0,0,0,0,0.08,0
