Name,Nat,Club,League,Position,Age,Preferred,Height,Apps,Starts,Mins,Transfer_Value,Wage_per_week,Asing_Price,Gls,Ast,Drb,Shots,ShT,Hdrs_A,Hdrs,Pres_A,Pres_C,Tck_A,Tck_W,K_Tck,Blk,Shts_Blckd,Itc,Clear,Clean_sheets,Pas_Completion_rate,Pro_Passes,Pas_A,K_Pas,CCC,Cr_A,Cr_C,Off,Gl_Mst,Sprints_90,Distance_km,Pens,Pens_Scored,Yel,Red,xG,xA
Conor Coventry,IRL,Cardiff,Sky Bet Championship,"DM, M (C)",32,Right,5.1,21,11,"1,378",£110K - £1.1M,"18,000",N/A,1,1,7,10,3,88,34,254,97,63,46,1,8,7,35,32,N/A,82%,45,582,13,4,7,1,0,0,11.8,202.1,0,0,3,0,0.49,0.81
Darren Charles,TRI,Blackburn,Sky Bet Championship,"D (C), DM, M (C), AM (LC)",22,Left,5.5,1,N/A,19,£1.9M - £3.7M,"17,500",N/A,0,0,0,0,N/A,2,0,3,2,0,N/A,0,0,0,0,0,N/A,92%,1,12,0,0,0,0,0,0,N/A,3.0,0,0,0,0,0.00,0.00
Nathan Wood,ENG,Cardiff,Sky Bet Championship,D (RC),29,Right,6.2,19,8,"1,022",£2M,"16,750",2,0,1,3,6,2,154,123,88,38,26,20,5,23,17,33,22,N/A,57%,43,572,4,2,7,2,2,1,6.8,142.1,0,0,6,0,0.39,0.48
Harry Clarke,ENG,Sunderland,Sky Bet Championship,"D (RC), WB (R), DM, M (C)",31,Right,6.2,8,1,221,£1.2M,"16,250",1.2,0,0,3,4,1,22,16,32,10,8,6,0,1,1,10,3,N/A,81%,8,149,1,0,2,0,0,0,11.0,33.0,0,0,0,1,0.09,0.00
Dujon Sterling,ENG,Birmingham,Sky Bet Championship,"D (RLC), WB/M (R)",32,Right,5.1,3,N/A,37,£220K,"16,000",0.22,0,0,1,0,N/A,5,3,1,0,3,1,0,2,2,2,0,N/A,91%,0,11,0,0,3,0,0,0,N/A,6.4,0,0,0,0,0.00,0.00
Scott High,SCO,Huddersfield,Sky Bet Championship,"D (R), DM, M (C)",31,Right,5.1,10,N/A,159,£1.5M,"15,500",1.5,0,0,3,2,1,12,4,30,12,7,6,0,1,1,6,4,N/A,90%,6,82,1,0,1,0,0,0,19.3,27.0,0,0,0,0,0.03,0.01
Jérémy Tisserand,FRA,Huddersfield,Sky Bet Championship,"M (L), AM (RLC), ST (C)",23,Either,5.1,20,8,990,£3.5M,"14,500",N/A,4,1,29,20,7,138,53,144,48,30,23,0,3,1,7,7,N/A,80%,24,369,18,6,34,8,10,0,11.7,146.8,0,0,2,0,2.14,2.48
Luke Woolfenden,ENG,Bristol City,Sky Bet Championship,D (RC),33,Right,6.3,5,2,229,£40K,"14,250",0.04,0,0,1,0,N/A,18,5,11,5,3,3,0,3,2,8,3,N/A,93%,11,167,1,0,3,1,0,0,3.5,29.0,0,0,1,0,0.00,0.04
Marley Erskine,SCO,Doncaster,Sky Bet League Two,"AM (C), ST (C)",23,Right,5.1,2,44,"3,629",£50K - £140K,"14,250",N/A,19,4,43,103,47,639,107,436,121,63,51,0,14,1,37,10,N/A,82%,28,987,72,12,23,7,45,0,6.0,468.2,0,0,3,0,12.19,6.54
Davit Khachatryan,URU,West Brom,Sky Bet Championship,D (RC),23,Right,6.1,4,1,123,£180K,"14,000",0.18,0,0,1,0,N/A,19,15,8,3,5,4,0,0,0,10,2,N/A,75%,4,99,0,0,1,0,0,0,12.4,18.0,0,0,0,0,0.00,0.00
Bevon Rhoden,JAM,Plymouth,English Premier Division,"D (C), DM, M (C)",23,Right,6.3,15,16,"1,661",£3.2M - £6M,"13,750",N/A,1,0,9,6,1,130,76,235,65,36,30,2,20,15,35,22,N/A,84%,52,"1,010",13,1,4,1,0,0,9.2,227.5,0,0,1,0,0.41,0.68
Salah Ali,IRQ,Aston Villa,English Premier Division,"M (R), AM (RC), ST (C)",21,Right,5.1,N/A,N/A,N/A,£4.7M - £8.2M,"13,500",N/A,N/A,N/A,N/A,N/A,N/A,N/A,N/A,N/A,N/A,N/A,N/A,N/A,N/A,N/A,N/A,N/A,N/A,N/A,N/A,N/A,N/A,N/A,N/A,N/A,N/A,N/A,N/A,N/A,N/A,N/A,N/A,N/A,N/A,N/A
Harry Pickering,ENG,Hull,Sky Bet Championship,"D (LC), WB (L), DM, M (L)",33,Left,6.1,3,37,"3,155",£45K - £130K,"12,750",N/A,0,3,32,11,3,164,80,447,156,102,81,5,46,16,96,35,N/A,86%,215,"1,921",22,2,95,8,2,1,17.2,458.1,0,0,2,0,0.52,1.19
Justin Dornebusch,GER,Darmstadt,3. Liga,"M/AM (RL), ST (C)",24,Right,5.1,2,19,"1,797",£130K,"12,500",N/A,4,2,12,47,23,233,33,82,26,25,18,0,0,0,5,7,N/A,69%,11,455,12,2,5,2,7,0,2.5,112.2,0,0,0,1,7.37,0.94
Scott Berry,SCO,QPR,Sky Bet League One,"AM (C), ST (C)",23,Right,5.6,9,22,"1,972",£26K - £275K,"12,500",N/A,2,2,21,35,10,264,45,247,67,37,20,1,9,0,20,8,N/A,78%,24,498,18,3,12,5,8,0,6.3,262.5,0,0,1,0,3.26,1.47
Maksims Apse,ENG,Rotherham,Sky Bet League One,"D/WB/M/AM (L), ST (C)",23,Left,5.9,9,41,"3,720",Not for Sale,"12,000",N/A,2,2,77,11,3,200,92,401,140,103,84,6,35,8,140,67,N/A,85%,233,"2,311",43,2,85,12,10,0,13.8,522.0,0,0,4,0,0.73,1.21
Lewis Rose,AUS,Crystal Palace,Sky Bet Championship,GK,24,Right,6.3,44,44,"3,960",£250K - £2.5M,"12,000",N/A,0,0,0,0,N/A,N/A,N/A,0,0,9,1,0,N/A,N/A,25,N/A,10,42%,84,"1,124",1,0,N/A,N/A,0,3,0.1,208.8,0,0,0,0,0.00,0.13
Ben White,ENG,QPR,Sky Bet League One,"M/AM (R), ST (C)",22,Left,6.0,5,33,"2,799",£26K - £275K,"11,750",N/A,11,2,41,83,36,532,152,324,96,51,34,0,12,1,28,13,N/A,82%,22,743,24,4,32,7,32,0,6.1,333.0,0,0,2,0,11.14,3.21
Dean Connolly,IRL,MK Dons,Sky Bet League One,"AM (RLC), ST (C)",22,Left,5.1,1,14,"1,128",£375K,"11,500",0.38,4,2,24,16,5,135,22,164,59,34,31,0,1,0,18,4,N/A,81%,18,416,12,2,13,1,7,0,10.2,163.0,0,0,1,0,1.49,1.07
Andy McElroy,NIR,Wigan,Sky Bet League One,D/WB (L),23,Left,6.0,45,45,"4,044",£22K - £220K,"11,250",N/A,1,5,75,11,3,258,167,490,179,133,109,7,40,15,175,68,N/A,83%,254,"2,379",36,8,125,11,3,0,16.0,557.5,0,0,6,0,1.87,2.28
Eseosa Sule,SCO,Huddersfield,Sky Bet Championship,"AM (RC), ST (C)",26,Right,6.4,10,2,350,£1.6M,"11,250",N/A,0,0,3,15,6,73,38,26,7,5,2,0,1,0,1,0,N/A,84%,8,129,3,0,6,2,11,0,5.4,48.2,0,0,0,0,1.27,0.04
Alan Harrison,WAL,Cardiff,Sky Bet Championship,D/WB/M/AM (L),23,Left,5.1,9,8,813,£120K - £1.2M,"11,000",N/A,0,0,11,2,0,56,17,107,31,38,28,3,10,1,38,18,N/A,64%,34,306,2,1,29,2,0,0,16.8,124.8,0,0,2,0,0.03,0.46
Callum Williams,ENG,Preston,Sky Bet Championship,D (LC),24,Left,5.1,31,31,"2,671",£22K - £3.7M,"10,750",N/A,0,1,25,10,1,174,92,312,120,88,68,12,28,11,100,62,N/A,85%,166,"1,544",18,2,57,7,2,2,12.4,382.8,0,0,8,0,0.17,1.71
Finley Burns,ENG,Derby,Sky Bet Championship,"D (C), DM",28,Right,6.5,3,1,116,£70K - £700K,"10,500",N/A,0,0,0,0,N/A,10,6,9,3,6,2,0,1,0,4,3,N/A,81%,11,97,6,0,1,0,0,0,14.0,18.1,0,0,0,0,0.00,0.26
Corby Oldring,ENG,Plymouth,English Premier Division,D (RLC),23,Right,6.1,7,15,"1,585",£1.1M - £8M,"10,250",N/A,0,1,5,1,0,175,112,76,36,26,20,5,8,16,51,36,N/A,84%,60,"1,076",4,0,3,0,1,0,4.3,197.0,0,0,1,0,0.06,0.81
Ardit Zeneli,KOS,Crystal Palace,Sky Bet Championship,"M (R), AM (RL), ST (C)",23,Right,5.1,1,N/A,22,£4.7M,"10,250",4.7,0,0,0,0,N/A,4,0,1,0,0,N/A,0,0,0,0,0,N/A,50%,0,4,0,0,0,0,0,0,N/A,3.3,0,0,0,0,0.00,0.00
Keon Forte,ENG,Coventry,Sky Bet Championship,D (RL),20,Right,6.0,2,29,"2,482",£80K - £800K,"10,250",N/A,0,3,73,7,2,180,128,345,120,94,76,6,24,10,81,76,N/A,84%,139,"1,901",18,4,35,2,1,1,12.2,349.7,0,0,9,0,0.37,1.63
Stephen Gold,IRL,Birmingham,Sky Bet Championship,"AM (R), ST (C)",24,Right,5.1,52,52,"4,237",£6.8M,"10,250",N/A,23,1,78,99,49,671,56,469,150,65,48,2,11,3,57,17,N/A,87%,25,726,28,5,36,7,57,0,6.6,563.0,0,0,3,0,19.08,2.07
Jordan Williams,ENG,Barnsley,Sky Bet League One,"D (RLC), WB (RL)",32,Right,5.1,1,42,"3,516",£700K - £1.5M,"9,750",N/A,2,6,71,25,8,231,178,341,112,80,61,2,32,27,159,50,N/A,82%,138,"1,776",36,5,196,22,4,0,16.1,486.3,0,0,3,0,3.04,3.55
Harry Leonard,ENG,Forest Green,Sky Bet Championship,"M (L), AM (RLC), ST (C)",28,Right,5.1,2,43,"3,335",£500K,"9,500",N/A,5,4,78,57,30,474,215,634,196,99,81,4,31,8,64,18,N/A,79%,87,"1,257",36,7,50,6,22,2,10.9,481.6,0,0,1,0,4.81,2.97
Jack Fletcher,ENG,Hull,Sky Bet Championship,D (C),20,Right,6.8,15,6,778,£24K - £240K,"9,500",N/A,0,0,1,9,3,105,73,49,16,15,12,3,11,10,28,24,N/A,83%,42,613,5,1,3,1,0,1,6.7,103.6,0,0,1,1,0.71,0.22
Mehmet Erayd?n,TUR,Slavia Sofia,Bulgarian First League,"AM (RC), ST (C)",24,Right,6.2,1,26,"2,320",Not for Sale,"9,000",N/A,4,0,57,64,27,145,65,218,53,50,35,0,7,0,25,12,N/A,74%,30,771,17,3,51,9,6,0,5.7,186.5,0,0,3,1,6.11,1.89
Jason Perry,WAL,Brighton,Sky Bet Championship,D (RC),23,Right,6.2,1,N/A,0,£1.1M - £4.6M,"8,750",N/A,0,0,0,0,N/A,1,0,0,0,0,N/A,0,0,0,0,0,N/A,100%,0,4,0,0,0,0,0,0,N/A,0.4,0,0,0,0,0.00,0.00
Roddy MacGregor,SCO,Charlton,Sky Bet League One,"DM, M/AM (C)",30,Right,6.0,11,37,"3,234",£1.6M,"8,500",1.6,6,2,33,48,12,317,100,507,142,77,54,3,20,2,78,17,N/A,84%,132,"1,567",42,8,21,1,2,0,9.0,456.4,0,0,1,0,4.76,4.43
Archie Buck,ENG,Bolton,Sky Bet League Two,"DM, M/AM (C)",20,Right,6.5,1,16,"1,391",Not for Sale,"8,500",N/A,4,0,16,18,6,103,46,229,57,27,23,0,11,0,28,10,N/A,86%,61,814,32,5,7,1,1,0,9.8,195.4,0,0,2,0,2.39,1.17
James Connolly,WAL,Bristol Rovers,Sky Bet League One,"D (RC), DM",30,Right,5.1,44,44,"3,865",£1.2M - £2.5M,"8,000",N/A,1,1,5,20,6,471,332,197,74,58,47,10,26,26,137,57,N/A,80%,186,"2,628",13,6,2,0,1,0,4.4,470.9,0,0,6,0,2.64,1.43
Sonny Finch,ENG,Forest Green,Sky Bet Championship,"AM (RLC), ST (C)",26,Right,5.9,13,34,"3,067",£150K - £1.5M,"8,000",N/A,9,3,61,62,35,719,240,411,107,56,45,0,13,3,40,14,N/A,79%,41,"1,057",35,11,30,8,63,0,7.3,437.8,0,0,8,0,8.12,3.82
Lance Cherundolo,USA,Everton,English Premier Division,AM (RLC),21,Left,5.8,N/A,N/A,N/A,£40K - £375K,"8,000",N/A,N/A,N/A,N/A,N/A,N/A,N/A,N/A,N/A,N/A,N/A,N/A,N/A,N/A,N/A,N/A,N/A,N/A,N/A,N/A,N/A,N/A,N/A,N/A,N/A,N/A,N/A,N/A,N/A,N/A,N/A,N/A,N/A,N/A,N/A
Errol Somersall,ENG,Middlesbrough,Sky Bet Championship,GK,24,Right,6.0,48,48,"4,320",£65K - £650K,"8,000",N/A,0,0,0,0,N/A,N/A,N/A,0,0,3,0,2,N/A,N/A,29,N/A,19,43%,106,"1,145",1,0,N/A,N/A,0,9,0.1,292.5,0,0,0,0,0.00,0.44
Micah Hamilton,ENG,Bristol Rovers,Sky Bet League One,"M (LC), AM (RLC)",28,Right,5.1,6,37,"2,617",£70K - £4.3M,"8,000",N/A,5,3,70,60,21,313,131,469,136,88,67,1,18,1,43,12,N/A,78%,65,894,53,6,132,19,11,0,10.4,356.9,0,0,4,0,5.31,4.53
Tim Iroegbunam,ENG,Forest Green,Sky Bet Championship,"DM, M (C)",28,Right,6.0,7,39,"3,421",£50K - £500K,"7,750",N/A,0,2,44,33,13,261,190,581,189,137,97,5,25,17,91,43,N/A,83%,187,"1,954",29,3,27,5,1,1,8.0,478.7,0,0,9,0,1.70,2.45
Adam Morrice,SCO,St. Mirren,cinch Championship,"D (C), DM",21,Right,5.7,32,32,"2,880",Not for Sale,"7,750",N/A,1,3,17,16,5,160,66,421,125,81,70,0,16,10,44,12,N/A,85%,126,"1,674",40,3,10,0,2,0,10.6,401.4,0,0,5,0,1.49,2.68
George Thomason,ENG,Huddersfield,Sky Bet Championship,"DM, M (C)",31,Left,5.1,12,31,"2,835",£500K - £1.1M,"7,750",N/A,3,2,19,24,7,139,50,431,140,83,59,0,23,10,59,27,N/A,86%,173,"2,025",26,7,10,2,0,0,10.9,413.1,0,0,2,0,0.72,1.66
Craig Lewis,ENG,Watford,Sky Bet League One,"M/AM (R), ST (C)",21,Left,6.0,22,2,495,£250K - £2.6M,"7,750",N/A,0,3,12,24,10,146,42,70,19,13,12,0,0,0,5,7,N/A,87%,4,149,4,2,4,1,13,0,5.5,71.7,0,0,0,0,1.85,1.37
Ulrich Kaiser,BIH,Brighton,Sky Bet Championship,"M (R), AM (RC), ST (C)",22,Left,5.1,N/A,N/A,N/A,Not for Sale,"7,750",N/A,N/A,N/A,N/A,N/A,N/A,N/A,N/A,N/A,N/A,N/A,N/A,N/A,N/A,N/A,N/A,N/A,N/A,N/A,N/A,N/A,N/A,N/A,N/A,N/A,N/A,N/A,N/A,N/A,N/A,N/A,N/A,N/A,N/A,N/A
David Hall,ENG,Sheff Utd,Sky Bet Championship,"D (RL), WB (R)",22,Right,5.8,11,2,320,£350K - £6M,"7,750",N/A,0,0,11,1,0,21,7,56,24,12,6,0,3,0,20,5,N/A,75%,18,132,5,1,37,2,0,0,22.2,53.3,0,0,0,0,0.05,0.31
Ewan Rogers,ENG,Brighton,Sky Bet Championship,M/AM (C),20,Right,5.1,N/A,N/A,N/A,£85K - £850K,"7,500",N/A,N/A,N/A,N/A,N/A,N/A,N/A,N/A,N/A,N/A,N/A,N/A,N/A,N/A,N/A,N/A,N/A,N/A,N/A,N/A,N/A,N/A,N/A,N/A,N/A,N/A,N/A,N/A,N/A,N/A,N/A,N/A,N/A,N/A,N/A
Abraham Viktor Rufai,NGA,Plymouth,English Premier Division,"M/AM (L), ST (C)",23,Left,6.1,16,N/A,460,£210K - £2.1M,"7,500",N/A,0,0,12,1,0,42,14,83,21,16,16,0,2,0,7,2,N/A,78%,13,155,7,0,19,1,4,0,9.6,62.0,0,0,1,0,0.12,0.00
Reece Welch,JAM,Blackburn,Sky Bet Championship,D (C),28,Right,6.3,2,N/A,33,£240K,"7,250",0.24,0,0,0,0,N/A,6,4,2,0,0,N/A,0,0,0,1,0,N/A,78%,0,27,0,0,0,0,0,0,N/A,4.4,0,0,0,0,0.00,0.00
Dan Happe,ENG,Huddersfield,Sky Bet Championship,D (C),33,Left,6.5,12,4,514,£0 - £30K,"7,250",N/A,0,0,1,0,N/A,60,51,24,12,8,7,1,5,4,19,6,N/A,81%,20,361,0,0,0,0,0,0,7.4,65.6,0,0,3,0,0.00,0.00
David Helme,ENG,Burnley,Sky Bet Championship,"AM (R), ST (C)",20,Right,6.6,N/A,N/A,N/A,£14.5M - £18M,"7,250",N/A,N/A,N/A,N/A,N/A,N/A,N/A,N/A,N/A,N/A,N/A,N/A,N/A,N/A,N/A,N/A,N/A,N/A,N/A,N/A,N/A,N/A,N/A,N/A,N/A,N/A,N/A,N/A,N/A,N/A,N/A,N/A,N/A,N/A,N/A
Ali ?entürk,GER,Reading,Sky Bet Championship,D (RLC),23,Right,6.3,11,9,952,£100K - £1M,"7,250",N/A,1,1,2,6,1,151,132,77,30,27,23,6,13,11,48,26,N/A,59%,41,629,3,0,2,0,0,0,3.9,122.8,0,0,2,0,0.54,0.26
Femi Azeez,NGA,Millwall,Sky Bet Championship,"M (R), AM (RL), ST (C)",30,Left,5.1,25,6,818,£22K,"7,250",0.02,2,1,31,10,4,105,37,162,44,35,27,0,8,4,19,6,N/A,76%,23,353,9,3,28,2,18,0,13.5,127.8,0,0,1,0,1.52,0.91
Emilio Lawrence,SCO,Doncaster,Sky Bet League Two,"AM (RLC), ST (C)",26,Right,6.0,20,22,"2,139",£18K - £180K,"7,250",N/A,7,4,63,40,20,231,75,305,88,56,45,1,9,0,25,8,N/A,81%,42,775,26,6,45,6,12,0,8.4,297.8,0,0,1,0,5.63,3.58
Myles Cristofaro,ENG,Birmingham,Sky Bet Championship,"M/AM (R), ST (C)",23,Right,6.4,17,5,650,£3.7M,"7,000",N/A,3,0,25,21,10,63,31,114,29,23,19,0,4,0,18,3,N/A,75%,14,233,3,1,41,2,6,2,12.6,97.0,0,0,0,0,1.79,0.23
Eray Güne?,TUR,West Ham,English Premier Division,"AM (C), ST (C)",22,Right,5.9,7,N/A,82,£200K - £600K,"7,000",N/A,0,0,0,1,0,10,2,11,2,1,1,0,0,0,1,0,N/A,83%,1,29,1,0,0,0,0,0,5.5,7.9,0,0,1,0,0.00,0.00
Benicio Baker,GHA,Forest Green,Sky Bet Championship,M/AM (RL),28,Left,5.3,10,26,"2,326",£110K - £1.1M,"7,000",N/A,2,6,66,26,7,144,20,464,144,106,75,2,18,4,53,30,N/A,81%,56,754,44,12,190,28,5,1,13.1,342.6,1,0,5,0,2.58,4.53
Sodiq Bassey,ENG,Birmingham,Sky Bet Championship,"D (RLC), M (R)",22,Right,6.1,7,2,320,£50K - £500K,"7,000",N/A,0,0,3,3,0,28,24,37,10,9,6,0,6,2,13,8,N/A,63%,11,155,1,1,8,0,1,0,11.8,46.8,0,0,0,0,0.08,0.40
Saidu Turay,NED,Coventry,Sky Bet Championship,"D/WB/M (L), AM (LC), ST (C)",24,Left,5.9,14,5,702,£1.1M,"7,000",1.1,1,1,14,11,4,37,7,127,38,21,15,0,6,0,15,1,N/A,82%,13,375,16,5,13,4,2,0,9.6,98.6,0,0,0,1,1.22,1.35
Aaron Haley,ENG,Crystal Palace,Sky Bet Championship,"AM (RL), ST (C)",23,Right,5.9,N/A,N/A,N/A,£45K - £475K,"6,750",N/A,N/A,N/A,N/A,N/A,N/A,N/A,N/A,N/A,N/A,N/A,N/A,N/A,N/A,N/A,N/A,N/A,N/A,N/A,N/A,N/A,N/A,N/A,N/A,N/A,N/A,N/A,N/A,N/A,N/A,N/A,N/A,N/A,N/A,N/A
Andy Harwood,ENG,Swindon,Sky Bet League One,"D/WB (L), AM (R)",22,Left,6.0,3,40,"3,404",£250K - £2.5M,"6,750",N/A,0,6,44,13,4,232,163,397,123,113,91,2,39,9,142,82,N/A,75%,169,"1,647",35,10,134,15,2,3,15.1,485.8,0,0,5,0,0.32,2.49
Kostas Printezis,GRE,Crystal Palace,Sky Bet Championship,"M/AM (L), ST (C)",20,Right,6.1,N/A,N/A,N/A,£180K - £1.8M,"6,750",N/A,N/A,N/A,N/A,N/A,N/A,N/A,N/A,N/A,N/A,N/A,N/A,N/A,N/A,N/A,N/A,N/A,N/A,N/A,N/A,N/A,N/A,N/A,N/A,N/A,N/A,N/A,N/A,N/A,N/A,N/A,N/A,N/A,N/A,N/A
Matt Patterson,IRL,Nottm Forest,English Premier Division,"D (RC), WB (L), DM",23,Left,6.2,7,N/A,126,£80K - £800K,"6,750",N/A,0,0,1,0,N/A,7,4,13,6,4,4,0,2,1,5,2,N/A,82%,5,76,1,0,4,2,0,0,13.6,18.4,0,0,1,0,0.00,0.00
Max Gallagher,IRL,Sheff Wed,Sky Bet League One,"M/AM (R), ST (C)",22,Right,5.1,4,N/A,44,£4.1M - £7.4M,"6,750",N/A,0,0,0,0,N/A,5,0,6,2,0,N/A,0,0,0,0,1,N/A,87%,0,15,0,0,0,0,0,0,N/A,5.7,0,0,0,0,0.00,0.00
Danny Quin,ENG,Norwich,Sky Bet Championship,"AM (RL), ST (C)",23,Left,6.0,3,N/A,48,£650K,"6,750",N/A,0,0,0,0,N/A,3,1,8,6,1,0,0,0,0,0,0,N/A,74%,2,35,3,3,2,1,0,0,N/A,8.0,0,0,0,0,0.00,0.68
Tomás Flores,ARG,Doncaster,Sky Bet League Two,"D (RC), WB (R), M (RC)",23,Right,6.3,46,46,"3,891",£950K - £2M,"6,750",N/A,2,3,111,36,8,293,205,410,137,101,81,5,29,10,169,68,N/A,87%,154,"2,136",42,6,215,20,6,0,18.4,558.0,0,0,5,0,2.92,3.76
Kion Etete,ENG,Preston,Sky Bet Championship,ST (C),30,Right,6.4,12,5,477,£75K - £750K,"6,500",N/A,2,0,8,26,15,136,70,66,20,12,10,0,0,0,3,5,N/A,81%,5,174,5,0,5,2,8,0,6.6,69.0,0,0,0,0,2.17,0.28
Steve Croft,IRL,Forest Green,Sky Bet Championship,D (RLC),23,Left,6.4,4,33,"2,917",£1.5K - £18K,"6,500",N/A,2,1,28,10,7,214,173,300,117,89,66,6,37,15,105,63,N/A,74%,127,"1,535",20,3,57,9,3,1,9.1,401.3,0,0,7,0,1.32,2.20
Ken Watson,ENG,Crewe,Sky Bet League Two,"D (C), DM, M (C)",22,Right,5.1,4,33,"2,894",£800K - £1.6M,"6,500",N/A,0,4,6,12,4,163,64,287,109,78,52,4,23,14,73,36,N/A,89%,197,"2,302",28,7,14,1,0,0,8.8,382.8,0,0,4,1,0.76,4.03
Nathan Butler,NGA,Millwall,Sky Bet Championship,"M (RL), AM (RLC), ST (C)",29,Right,5.1,15,10,"1,062",£400K,"6,500",0.4,2,4,39,21,8,120,31,133,46,40,33,0,8,3,14,6,N/A,81%,24,339,17,5,33,7,24,0,8.7,148.7,0,0,2,0,3.18,1.56
Stephen Brogden,GER,Watford,Sky Bet League One,"WB (R), M (C)",23,Right,6.2,13,38,"3,656",£14K - £140K,"6,500",N/A,3,3,60,32,16,298,189,555,163,95,67,3,25,7,93,37,N/A,85%,156,"2,003",47,9,159,21,6,0,13.2,528.3,0,0,4,0,2.51,4.03
Cian Ashford,WAL,Forest Green,Sky Bet Championship,"M (C), AM (LC), ST (C)",27,Right,5.9,8,6,637,£22K,"6,250",0.02,4,0,8,8,4,56,10,96,28,15,11,0,2,1,12,4,N/A,85%,30,330,13,3,11,2,1,0,9.8,93.4,2,2,0,0,2.24,0.76
Karl Devine,ENG,Cardiff,Sky Bet Championship,"D (RLC), M (C)",24,Left,6.2,4,N/A,43,£50K,"6,250",0.05,0,0,2,1,0,8,7,9,4,1,0,0,0,0,1,1,N/A,82%,2,39,0,0,0,0,0,0,N/A,7.9,0,0,0,0,0.06,0.00
Adrien Vidal,ENG,Stoke,English Premier Division,"M (LC), ST (C)",18,Left,5.9,3,N/A,97,£2.9M - £5.6M,"6,250",N/A,0,0,2,1,1,11,2,13,6,3,2,0,0,0,2,0,N/A,85%,2,34,1,0,1,0,0,0,11.1,13.0,0,0,0,0,0.08,0.00
Mor Talla N'Diaye,ENG,Crystal Palace,Sky Bet Championship,GK,21,Right,6.2,3,3,270,£80K - £800K,"6,250",N/A,0,0,0,0,N/A,N/A,N/A,0,0,1,0,0,N/A,N/A,2,N/A,1,24%,3,71,0,0,N/A,N/A,0,0,0.0,12.9,0,0,0,0,0.00,0.00
Adam Woodley,ENG,Swansea,Sky Bet League One,"D (RL), WB (L)",23,Left,6.0,1,49,"4,330",£26K - £250K,"6,000",N/A,1,5,69,13,4,258,163,472,186,147,125,8,38,16,162,50,N/A,84%,258,"2,524",45,5,144,13,7,2,16.3,610.9,0,0,10,0,1.11,5.11
Chris Kelly,ROU,Universitatea Craiova,Romanian First League,"D (C), DM, M (C)",24,Right,6.4,1,1,90,£140K,"6,000",N/A,0,0,0,1,0,0,N/A,0,0,2,2,0,0,0,0,0,N/A,50%,0,20,0,0,0,0,0,0,0.0,0.0,0,0,0,0,0.10,0.00
Peter Howarth,ENG,Norwich,Sky Bet Championship,"M (LC), AM (R), ST (C)",24,Left,6.0,N/A,N/A,N/A,£400K,"5,750",N/A,N/A,N/A,N/A,N/A,N/A,N/A,N/A,N/A,N/A,N/A,N/A,N/A,N/A,N/A,N/A,N/A,N/A,N/A,N/A,N/A,N/A,N/A,N/A,N/A,N/A,N/A,N/A,N/A,N/A,N/A,N/A,N/A,N/A,N/A
Bigger Kukanda,SWE,Millwall,Sky Bet Championship,"WB (R), DM, M (C)",23,Right,6.3,20,16,"1,623",£130K - £1.3M,"5,750",N/A,0,1,9,15,5,118,82,196,77,57,40,2,6,4,24,9,N/A,88%,169,"1,489",19,4,7,1,2,0,12.2,244.6,0,0,1,0,0.86,1.28
Johan Wiesemes,BEL,Burnley,Sky Bet Championship,"D (RC), DM, M (L)",19,Left,6.1,2,N/A,112,£120K - £1.2M,"5,750",N/A,0,0,0,2,1,10,9,5,3,0,N/A,0,4,1,1,0,N/A,91%,7,96,0,0,0,0,0,0,11.3,14.8,0,0,1,0,0.04,0.00
Jahkari Russell,BER,Crystal Palace,Sky Bet Championship,"DM, M/AM (C)",21,Right,5.1,N/A,N/A,N/A,£180K - £1.8M,"5,500",N/A,N/A,N/A,N/A,N/A,N/A,N/A,N/A,N/A,N/A,N/A,N/A,N/A,N/A,N/A,N/A,N/A,N/A,N/A,N/A,N/A,N/A,N/A,N/A,N/A,N/A,N/A,N/A,N/A,N/A,N/A,N/A,N/A,N/A,N/A
Taylor Dodd,ENG,Birmingham,Sky Bet Championship,D (C),25,Right,6.0,21,24,"2,501",£1.1M - £2.3M,"5,500",N/A,0,0,2,4,1,345,256,107,43,35,27,14,12,9,75,61,N/A,74%,94,"1,621",7,1,1,0,0,2,2.6,307.3,0,0,4,0,0.10,0.18
DeMarco Roberts,ENG,Portsmouth,Sky Bet League One,"D (RL), WB (L)",24,Either,5.7,3,16,"1,490",£275K,"5,500",N/A,0,0,19,4,0,80,39,145,48,31,25,2,23,5,57,31,N/A,79%,89,851,20,1,29,4,0,0,13.5,213.1,0,0,7,0,0.21,0.33
Sammy Robinson,ENG,Swansea,Sky Bet League One,"D (RC), WB (R)",30,Right,5.1,24,14,"1,774",£35K - £325K,"5,500",N/A,1,4,42,16,5,138,87,178,61,48,40,5,11,5,79,22,N/A,87%,84,"1,049",19,3,102,8,3,1,15.7,245.4,0,0,6,0,1.23,2.31
Jaden Heskey,ENG,Bristol Rovers,Sky Bet League One,M (C),26,Right,5.9,2,41,"3,393",£240K,"5,500",N/A,4,4,42,31,13,255,90,562,153,87,68,1,19,2,70,25,N/A,83%,140,"1,652",48,11,22,4,4,0,8.3,459.4,0,0,6,0,3.40,3.55
Emeric Hilligsmann,BEL,Bristol Rovers,Sky Bet League One,"D (RC), WB/AM (R)",24,Right,6.0,4,46,"4,056",£130K - £1.3M,"5,500",N/A,0,1,60,32,2,379,265,333,118,95,68,4,41,20,179,71,N/A,74%,144,"2,234",37,4,145,16,4,3,14.7,555.2,0,0,11,0,2.07,2.21
Joshua Anthony,NGA,Blackburn,Sky Bet Championship,"DM, M/AM (C)",23,Right,5.1,1,N/A,15,£100K - £1M,"5,500",N/A,0,0,0,0,N/A,1,0,2,0,0,N/A,0,0,0,0,0,N/A,87%,3,15,0,0,0,0,0,0,N/A,2.5,0,0,0,0,0.00,0.00
Nathanael Ogbeta,NGA,Forest Green,Sky Bet Championship,"D (LC), WB (L), DM, M (LC)",31,Left,6.1,14,32,"2,970",Not for Sale,"5,500",N/A,2,3,25,15,8,203,114,321,107,91,70,10,46,18,78,61,N/A,80%,126,"1,503",14,5,49,4,3,0,9.8,408.2,0,0,5,0,1.21,1.53
Mark Murphy,IRL,Sheff Utd,Sky Bet Championship,"D (RC), DM",22,Right,6.1,3,N/A,29,£1.5M - £3M,"5,500",N/A,0,0,1,0,N/A,0,N/A,1,0,1,1,1,0,0,2,1,N/A,88%,2,25,0,0,0,0,0,0,N/A,5.0,0,0,0,0,0.00,0.00
Ryan Fennell,ENG,Derby,Sky Bet Championship,"M/AM (R), ST (C)",24,Right,5.8,1,N/A,20,£400K,"5,250",0.4,0,0,3,1,0,0,N/A,2,0,0,N/A,0,0,0,0,0,N/A,83%,0,12,0,0,0,0,1,0,N/A,3.5,0,0,0,0,0.23,0.00
Redon Shala,KOS,Crystal Palace,Sky Bet Championship,"M (RC), AM (RL)",22,Right,6.1,N/A,N/A,N/A,£14K - £130K,"5,250",N/A,N/A,N/A,N/A,N/A,N/A,N/A,N/A,N/A,N/A,N/A,N/A,N/A,N/A,N/A,N/A,N/A,N/A,N/A,N/A,N/A,N/A,N/A,N/A,N/A,N/A,N/A,N/A,N/A,N/A,N/A,N/A,N/A,N/A,N/A
Charlie Dugdale,ENG,Sunderland,Sky Bet Championship,"AM (RLC), ST (C)",22,Left,5.1,N/A,N/A,N/A,£0 - £90K,"5,250",N/A,N/A,N/A,N/A,N/A,N/A,N/A,N/A,N/A,N/A,N/A,N/A,N/A,N/A,N/A,N/A,N/A,N/A,N/A,N/A,N/A,N/A,N/A,N/A,N/A,N/A,N/A,N/A,N/A,N/A,N/A,N/A,N/A,N/A,N/A
Coby Small,ENG,Millwall,Sky Bet Championship,D (C),25,Right,6.0,14,3,435,£110K - £325K,"5,250",N/A,0,0,0,1,0,67,52,15,8,8,5,1,4,4,20,13,N/A,84%,31,424,1,0,0,0,0,1,5.0,58.4,0,0,0,0,0.00,0.13
Lee Ferguson,ENG,Crystal Palace,Sky Bet Championship,D (RLC),22,Right,6.0,10,7,726,£4.3M - £7.6M,"5,250",N/A,0,0,14,2,1,84,60,101,34,22,17,1,7,3,37,20,N/A,76%,40,425,6,0,29,2,0,0,12.4,109.0,0,0,3,0,0.07,0.57
Ruairi Crooks,NIR,Brighton,Sky Bet Championship,"DM, M/AM (C)",23,Right,6.1,N/A,N/A,N/A,£10K - £28K,"5,250",N/A,N/A,N/A,N/A,N/A,N/A,N/A,N/A,N/A,N/A,N/A,N/A,N/A,N/A,N/A,N/A,N/A,N/A,N/A,N/A,N/A,N/A,N/A,N/A,N/A,N/A,N/A,N/A,N/A,N/A,N/A,N/A,N/A,N/A,N/A
Curtis Snaith,ENG,Sheff Utd,Sky Bet Championship,"M/AM (R), ST (C)",23,Left,5.8,20,2,597,£70K - £700K,"5,000",N/A,3,2,16,18,8,59,12,87,28,17,13,0,1,0,10,1,N/A,83%,15,182,9,3,26,5,7,0,10.9,91.0,0,0,0,0,2.04,1.32
Martin Nikolic,SWE,Reading,Sky Bet Championship,ST (C),20,Right,5.1,21,10,"1,211",£35K - £3.4M,"5,000",N/A,8,2,15,31,16,171,21,143,42,14,10,0,3,1,10,6,N/A,84%,16,392,22,7,28,3,16,0,5.4,168.1,0,0,0,0,5.79,2.03
Vontae Daley,JAM,Oxford,Sky Bet League One,"D (RC), WB (R)",31,Right,6.0,1,45,"3,831",£230K - £650K,"5,000",N/A,0,6,89,26,4,292,187,385,122,104,85,8,34,13,153,53,N/A,85%,170,"2,166",41,13,271,18,7,0,18.0,540.9,0,0,1,0,2.83,5.22
Cyrus Yeganeh,ENG,Ipswich,English Premier Division,M/AM (C),21,Either,6.3,N/A,N/A,N/A,£45K - £475K,"5,000",N/A,N/A,N/A,N/A,N/A,N/A,N/A,N/A,N/A,N/A,N/A,N/A,N/A,N/A,N/A,N/A,N/A,N/A,N/A,N/A,N/A,N/A,N/A,N/A,N/A,N/A,N/A,N/A,N/A,N/A,N/A,N/A,N/A,N/A,N/A
Jem Hewlett,ENG,Rotherham,Sky Bet League One,D (C),27,Right,6.2,4,40,"3,681",£190K - £1.9M,"5,000",N/A,2,0,3,21,7,437,314,169,69,49,36,12,22,35,128,56,N/A,83%,170,"2,819",6,3,6,2,1,0,4.2,430.1,0,0,3,0,2.21,0.99
Martin Campbell,SCO,Blackburn,Sky Bet Championship,D (C),22,Right,5.1,1,1,90,£90K - £900K,"4,900",N/A,0,0,1,0,N/A,6,5,5,1,5,3,1,1,1,3,2,N/A,64%,3,64,1,0,0,0,0,0,3.0,11.3,0,0,0,0,0.00,0.00
Leon Chiwome,ENG,Forest Green,Sky Bet Championship,ST (C),26,Right,6.4,27,8,"1,170",£110K - £1.1M,"4,900",N/A,2,1,14,22,8,285,105,161,55,26,20,0,4,0,22,8,N/A,82%,13,432,5,3,7,2,16,0,6.9,172.0,0,0,2,0,2.48,0.95
Graham Dodds,ENG,Coventry,Sky Bet Championship,"AM (R), ST (C)",24,Right,5.1,3,N/A,38,£1.7M,"4,800",1.7,0,0,1,2,0,5,0,6,1,1,0,0,0,0,0,0,N/A,85%,0,13,0,0,0,0,1,0,N/A,6.5,0,0,0,0,0.28,0.00
Paul Kalambayi,COD,Charlton,Sky Bet League One,"D (C), DM",32,Right,6.3,4,44,"3,875",£26K - £275K,"4,800",N/A,1,2,4,19,7,469,331,168,57,48,41,7,23,39,141,63,N/A,86%,137,"2,774",11,2,2,0,1,0,4.1,471.2,0,0,10,0,2.71,1.68
Elliott Brazil,ENG,Nottm Forest,English Premier Division,"AM (RL), ST (C)",22,Right,6.0,N/A,N/A,N/A,£4.5K - £45K,"4,800",N/A,N/A,N/A,N/A,N/A,N/A,N/A,N/A,N/A,N/A,N/A,N/A,N/A,N/A,N/A,N/A,N/A,N/A,N/A,N/A,N/A,N/A,N/A,N/A,N/A,N/A,N/A,N/A,N/A,N/A,N/A,N/A,N/A,N/A,N/A
Gary Fleming,NIR,Forest Green,Sky Bet Championship,D (RC),23,Right,6.1,13,28,"2,634",£550K,"4,700",N/A,0,0,7,1,1,199,119,203,76,69,46,8,29,16,110,71,N/A,73%,101,"1,398",10,0,20,1,1,0,7.6,344.1,0,0,1,0,0.00,0.68
David Quinn,SCO,Wigan,Sky Bet League One,"M (RC), AM (R)",24,Left,5.7,5,39,"2,942",£800K - £1.7M,"4,600",N/A,2,2,76,20,6,234,61,487,174,84,67,1,17,2,57,19,N/A,82%,85,"1,353",28,5,89,10,5,0,10.3,391.9,0,0,14,1,1.56,2.75
Hugo Pearce,ENG,West Brom,Sky Bet Championship,"M (R), AM (RLC), ST (C)",20,Right,5.3,2,1,136,£12.5M - £18M,"4,600",N/A,0,0,3,1,0,4,0,31,10,8,8,0,0,0,1,2,N/A,70%,5,44,2,1,13,2,0,0,13.9,19.5,0,0,0,0,0.00,0.03
Aaron Jones,WAL,Middlesbrough,Sky Bet Championship,D (RC),24,Right,6.0,3,1,123,£500K,"4,500",0.5,0,0,0,0,N/A,17,14,13,8,4,2,0,2,1,7,3,N/A,66%,5,59,0,0,7,0,0,0,34.4,19.9,0,0,0,0,0.00,0.00
Jesse Huttunen,FIN,Bristol City,Sky Bet Championship,"D/WB (L), DM, AM (L)",22,Left,5.1,16,4,611,£90K - £900K,"4,500",N/A,0,2,14,4,0,42,15,108,34,21,12,0,9,0,26,7,N/A,72%,34,328,16,3,54,13,1,0,18.1,97.5,0,0,2,0,0.05,1.48
Renford Bucciero,ENG,Fulham,Sky Bet Championship,M/AM (RC),21,Right,5.1,N/A,N/A,N/A,£300K - £850K,"4,500",N/A,N/A,N/A,N/A,N/A,N/A,N/A,N/A,N/A,N/A,N/A,N/A,N/A,N/A,N/A,N/A,N/A,N/A,N/A,N/A,N/A,N/A,N/A,N/A,N/A,N/A,N/A,N/A,N/A,N/A,N/A,N/A,N/A,N/A,N/A
Daniel Conway,ENG,Middlesbrough,Sky Bet Championship,GK,23,Right,5.1,N/A,N/A,N/A,£375K - £6M,"4,400",N/A,N/A,N/A,N/A,N/A,N/A,N/A,N/A,N/A,N/A,N/A,N/A,N/A,N/A,N/A,N/A,N/A,N/A,N/A,N/A,N/A,N/A,N/A,N/A,N/A,N/A,N/A,N/A,N/A,N/A,N/A,N/A,N/A,N/A,N/A
Tarik El Abbassi,NED,Chelsea,English Premier Division,"D (L), WB/M/AM (R)",22,Right,5.1,N/A,N/A,N/A,£0 - £26K,"4,400",N/A,N/A,N/A,N/A,N/A,N/A,N/A,N/A,N/A,N/A,N/A,N/A,N/A,N/A,N/A,N/A,N/A,N/A,N/A,N/A,N/A,N/A,N/A,N/A,N/A,N/A,N/A,N/A,N/A,N/A,N/A,N/A,N/A,N/A,N/A
Jukka,FIN,Wolves,Sky Bet Championship,"AM (RL), ST (C)",19,Right,6.4,2,N/A,16,£1.1M - £2.2M,"4,400",N/A,0,0,0,2,0,8,4,3,1,0,N/A,0,0,0,1,0,N/A,80%,0,5,0,0,0,0,0,0,N/A,3.6,0,0,0,0,0.37,0.00
Andy Barker,IRL,Hull,Sky Bet Championship,"M/AM (RC), ST (C)",24,Right,5.9,9,1,282,£180K - £4.8M,"4,400",N/A,0,2,11,0,N/A,16,1,58,19,17,12,0,3,1,6,4,N/A,84%,9,118,3,2,11,4,1,0,16.0,44.9,0,0,0,0,0.00,0.97
Emlyn Evans,ENG,Forest Green,Sky Bet Championship,D/M/AM (R),24,Right,5.5,37,37,"3,097",£40K - £400K,"4,300",N/A,1,3,74,12,2,168,43,442,141,89,69,4,25,9,104,50,N/A,79%,114,"1,285",29,6,120,9,5,0,12.7,441.4,0,0,6,2,0.96,2.57
Neil Harper,ENG,Stoke,English Premier Division,D (C),23,Right,6.5,1,1,90,£140K - £1.4M,"4,200",N/A,0,0,0,0,N/A,14,10,2,1,0,N/A,0,1,0,4,2,N/A,79%,4,86,0,0,0,0,0,0,8.0,11.0,0,0,0,0,0.00,0.00
Fergal McNulty,IRL,Brighton,Sky Bet Championship,"M (R), AM (RC)",20,Right,5.1,N/A,N/A,N/A,£650K - £6.4M,"4,200",N/A,N/A,N/A,N/A,N/A,N/A,N/A,N/A,N/A,N/A,N/A,N/A,N/A,N/A,N/A,N/A,N/A,N/A,N/A,N/A,N/A,N/A,N/A,N/A,N/A,N/A,N/A,N/A,N/A,N/A,N/A,N/A,N/A,N/A,N/A
Thorbjørn Juelsgård,DEN,Bristol City,Sky Bet Championship,"D (C), DM, M (RC)",21,Right,6.0,2,N/A,49,£500K - £1.4M,"4,200",N/A,0,0,0,0,N/A,3,2,5,2,1,1,0,0,0,1,3,N/A,84%,2,49,0,0,0,0,0,0,N/A,8.1,0,0,1,0,0.00,0.00
Sean Robless,AUS,Sydney FC,Isuzu UTE A-League,"AM (RL), ST (C)",23,Right,6.1,30,30,"2,233",£450K - £5.4M,"4,100",N/A,9,0,42,55,24,330,95,280,71,26,15,1,9,0,36,13,N/A,85%,14,590,10,0,13,4,19,0,7.1,286.0,0,0,0,0,5.65,0.41
George Hirst,ENG,Barnsley,Sky Bet League One,"AM (RL), ST (C)",33,Right,6.3,14,34,"2,947",£75K - £750K,"4,100",N/A,24,0,20,107,55,525,226,399,91,70,59,0,8,0,32,15,N/A,84%,36,895,30,7,22,3,19,0,6.7,375.4,7,6,0,0,13.68,4.54
Brad Fellows,ENG,Coventry,Sky Bet Championship,D (RLC),23,Left,6.3,11,29,"2,715",£160K - £1.6M,"4,100",N/A,0,0,5,17,5,358,300,122,40,32,18,9,25,16,92,59,N/A,89%,98,"2,712",2,0,3,2,1,0,4.1,326.9,0,0,3,0,0.72,0.12
Archie Rose,ENG,Charlton,Sky Bet League One,WB/M/AM (R),22,Right,5.7,22,8,995,£90K - £3.6M,"4,100",N/A,1,0,39,19,4,87,23,128,52,29,28,0,0,0,11,15,N/A,79%,35,357,20,2,69,4,1,0,10.8,142.6,0,0,2,0,1.99,0.90
Nicky Killock,IRL,Leicester,English Premier Division,"D (RC), AM (R)",22,Right,5.8,N/A,N/A,N/A,£35K - £325K,"4,000",N/A,N/A,N/A,N/A,N/A,N/A,N/A,N/A,N/A,N/A,N/A,N/A,N/A,N/A,N/A,N/A,N/A,N/A,N/A,N/A,N/A,N/A,N/A,N/A,N/A,N/A,N/A,N/A,N/A,N/A,N/A,N/A,N/A,N/A,N/A
Chris Stilgoe,ENG,Barnsley,Sky Bet League One,"D (LC), DM",24,Left,6.2,1,12,950,£400K,"4,000",0.4,0,0,12,0,N/A,49,38,98,36,29,22,0,10,10,41,10,N/A,81%,65,563,7,0,23,5,1,0,14.4,132.6,0,0,3,1,0.00,0.02
Ade Solomon,NGA,Notts Co,Sky Bet League Two,"AM (RC), ST (C)",24,Right,5.9,7,6,504,£160K,"3,900",N/A,1,0,9,13,8,113,14,52,18,6,5,0,2,0,5,0,N/A,85%,4,129,4,0,26,4,10,0,5.7,66.0,0,0,1,0,0.90,0.27
Khalon Haysman,ENG,Coventry,Sky Bet Championship,"DM, M (C)",28,Left,6.2,24,23,"2,217",£150K - £4.9M,"3,900",N/A,2,1,28,45,18,195,139,347,113,81,61,1,15,7,28,18,N/A,88%,107,"1,693",29,6,19,3,1,0,9.4,314.1,0,0,8,0,2.40,2.28
Louis Angotti,BIH,Reading,Sky Bet Championship,D/WB/AM (R),23,Right,6.0,4,1,118,£450K - £1.3M,"3,800",N/A,0,0,2,1,0,11,9,21,10,7,5,0,1,1,9,5,N/A,67%,9,79,0,0,6,1,0,0,20.6,19.7,0,0,0,0,0.09,0.00
Tino Puclin,CRO,Wolves,Sky Bet Championship,"AM (RC), ST (C)",21,Left,6.2,N/A,N/A,N/A,£190K - £1.9M,"3,800",N/A,N/A,N/A,N/A,N/A,N/A,N/A,N/A,N/A,N/A,N/A,N/A,N/A,N/A,N/A,N/A,N/A,N/A,N/A,N/A,N/A,N/A,N/A,N/A,N/A,N/A,N/A,N/A,N/A,N/A,N/A,N/A,N/A,N/A,N/A
Mitchell Hassall,ENG,Birmingham,Sky Bet Championship,"WB/M (R), AM (RC)",24,Right,5.1,3,N/A,50,£240K,"3,800",0.24,0,1,2,0,N/A,5,0,8,1,2,2,0,0,0,1,0,N/A,65%,3,26,1,0,1,0,1,0,N/A,8.5,0,0,0,0,0.00,0.00
Dru Crown,ENG,Preston,Sky Bet Championship,D/WB/M/AM (R),21,Right,5.9,3,1,150,£170K - £1.7M,"3,800",N/A,0,0,2,0,N/A,10,7,23,6,4,3,0,0,0,10,4,N/A,77%,9,62,2,1,5,0,1,1,24.6,24.8,0,0,0,0,0.00,0.26
Dave Oliver,ENG,Blackburn,Sky Bet Championship,M/AM (R),23,Right,5.7,N/A,N/A,N/A,£40K - £3.8M,"3,700",N/A,N/A,N/A,N/A,N/A,N/A,N/A,N/A,N/A,N/A,N/A,N/A,N/A,N/A,N/A,N/A,N/A,N/A,N/A,N/A,N/A,N/A,N/A,N/A,N/A,N/A,N/A,N/A,N/A,N/A,N/A,N/A,N/A,N/A,N/A
Gary Craven,WAL,Sheff Utd,Sky Bet Championship,D/WB/AM (L),23,Left,5.6,12,4,504,£35K - £325K,"3,700",N/A,0,0,21,4,1,31,7,75,29,14,12,0,3,0,27,15,N/A,75%,27,248,8,0,19,1,3,0,24.5,83.3,0,0,2,0,0.07,0.46
Davide Nigretti,ITA,Udinese,Italian Serie A,"AM (LC), ST (C)",20,Left,6.0,5,N/A,93,£475K - £1.4M,"3,700",N/A,0,0,1,4,2,27,6,10,5,3,2,0,0,0,1,0,N/A,79%,0,24,0,0,1,1,0,0,4.8,9.6,0,0,0,0,0.55,0.00
Jason Hudson,ENG,Hull,Sky Bet Championship,D (LC),24,Left,6.5,3,1,136,£120K - £1.2M,"3,700",N/A,0,0,3,0,N/A,9,7,10,4,3,3,0,4,3,3,3,N/A,79%,7,94,1,1,1,0,0,0,15.2,19.6,0,0,0,0,0.00,0.16
Arron Moore,ENG,Derby,Sky Bet Championship,D (RC),21,Right,6.2,6,3,359,£4.2M - £6M,"3,700",N/A,0,0,0,2,0,47,36,30,12,5,4,0,5,3,11,9,N/A,79%,4,215,0,0,3,0,0,0,8.3,48.0,0,0,1,0,0.00,0.00
Christopher O'Connor,SCO,Celtic,Scottish Lowland League,WB/M/AM (L),21,Left,5.1,7,27,"2,509",£2K - £20K,"3,700",N/A,3,12,0,36,14,0,N/A,0,0,52,38,0,0,0,0,0,N/A,71%,0,680,0,0,0,0,0,0,0.0,0.0,0,0,0,1,2.69,2.43
Ben Acey,ENG,Forest Green,Sky Bet Championship,"WB (R), AM (RLC)",26,Right,5.8,3,N/A,40,£300K,"3,600",N/A,0,0,0,0,N/A,0,N/A,10,4,2,1,0,0,0,0,1,N/A,67%,1,9,0,0,3,0,0,0,N/A,7.4,0,0,0,0,0.00,0.00
Paul Garratt,ENG,West Brom,Sky Bet Championship,"DM, M/AM (C)",21,Right,5.8,4,2,231,£1.5M - £3.1M,"3,600",N/A,1,0,0,1,1,12,3,27,9,4,2,0,1,1,5,3,N/A,87%,8,156,1,0,0,0,0,0,11.7,34.5,0,0,0,0,0.01,0.03
?smet Y?lmaz,TUR,Eyüpspor,Turkish 1. League,D (RLC),23,Right,6.2,1,34,"3,077",£950K,"3,600",N/A,5,5,0,12,5,0,N/A,0,0,77,73,0,0,0,0,0,N/A,69%,0,700,0,0,0,0,0,0,0.0,0.0,0,0,0,0,0.87,0.00
Ceri Jones,WAL,Cardiff,Sky Bet Championship,"M (RL), AM (RLC)",20,Left,5.7,7,N/A,149,£3.1M - £5.8M,"3,500",N/A,0,1,2,1,1,12,1,24,9,9,7,0,2,1,6,1,N/A,68%,6,37,2,1,6,0,0,0,13.9,23.6,0,0,0,0,0.17,0.22
Jaílson Oliveira,CPV,Shrewsbury,Sky Bet League Two,"D (R), M (C), AM (R)",21,Right,5.7,3,30,"2,601",£14K - £150K,"3,500",N/A,3,3,53,18,6,185,77,218,75,50,34,4,15,11,128,53,N/A,82%,100,"1,463",35,9,144,24,1,0,17.3,370.9,0,0,8,0,1.81,2.12
Scott McLevy,SCO,Sunderland,Sky Bet Championship,GK,24,Right,6.0,N/A,N/A,N/A,£70K - £700K,"3,500",N/A,N/A,N/A,N/A,N/A,N/A,N/A,N/A,N/A,N/A,N/A,N/A,N/A,N/A,N/A,N/A,N/A,N/A,N/A,N/A,N/A,N/A,N/A,N/A,N/A,N/A,N/A,N/A,N/A,N/A,N/A,N/A,N/A,N/A,N/A
Tim Penfold,ENG,Colchester,Sky Bet League Two,"AM (R), ST (C)",23,Right,5.1,3,38,"3,130",£425K - £3.3M,"3,500",N/A,9,4,43,89,50,563,85,398,124,64,40,1,6,1,25,10,N/A,83%,33,853,42,6,26,8,28,0,6.2,406.9,0,0,4,0,9.12,2.36
Finlay Brady,ENG,Watford,Sky Bet League One,"M (R), AM (RC), ST (C)",24,Right,5.1,1,N/A,14,£325K,"3,500",0.33,0,0,0,0,N/A,3,0,3,1,0,N/A,0,0,0,0,0,N/A,100%,0,4,0,0,1,0,0,0,N/A,2.4,0,0,0,0,0.00,0.00
Macauley Fazakerley,ENG,Reading,Sky Bet Championship,WB/M/AM (L),24,Right,5.9,1,N/A,21,£450K,"3,500",0.45,0,0,1,1,1,3,1,8,3,1,0,0,0,0,0,0,N/A,50%,1,10,1,1,7,1,0,0,N/A,3.5,0,0,0,0,0.14,0.38
Christos Loizou,CYP,Notts Co,Sky Bet League Two,D/WB/AM (R),21,Right,5.1,15,15,"1,277",Not for Sale,"3,500",N/A,0,1,51,4,0,87,46,178,46,27,18,1,16,2,46,20,N/A,82%,45,573,10,6,108,14,2,0,16.1,187.5,0,0,7,0,0.17,1.15
Gent Malaj,ALB,Charlton,Sky Bet League One,D/WB/M/AM (L),24,Left,5.7,12,29,"2,783",£95K - £950K,"3,500",N/A,5,2,45,32,13,190,41,421,128,84,72,5,34,7,98,52,N/A,81%,104,"1,180",47,8,200,22,5,0,14.8,393.4,0,0,1,1,3.60,2.50
Doudou Keita,GAM,Bristol City,Sky Bet Championship,"M (R), AM (RC)",24,Right,6.2,N/A,N/A,N/A,£300K,"3,400",0.3,N/A,N/A,N/A,N/A,N/A,N/A,N/A,N/A,N/A,N/A,N/A,N/A,N/A,N/A,N/A,N/A,N/A,N/A,N/A,N/A,N/A,N/A,N/A,N/A,N/A,N/A,N/A,N/A,N/A,N/A,N/A,N/A,N/A,N/A
Jacob Jones,WAL,West Brom,Sky Bet Championship,"M/AM (C), ST (C)",24,Right,5.9,1,1,84,£5K,"3,400",0.01,0,0,1,1,1,9,6,11,6,2,0,0,1,0,0,0,N/A,75%,1,55,0,0,0,0,0,0,6.4,11.0,0,0,0,0,0.03,0.00
Aaron Hardiman,ENG,Oxford,Sky Bet League One,"D (RLC), WB (L), DM",21,Either,5.5,5,14,"1,324",£425K - £6.8M,"3,400",N/A,0,0,5,5,0,88,33,155,51,33,22,2,10,2,18,13,N/A,84%,55,880,12,0,9,1,0,0,10.5,181.8,0,0,2,0,0.75,0.78
Iain Potton,ENG,Derby,Sky Bet Championship,M/AM (C),22,Right,5.1,N/A,N/A,N/A,£8K - £24K,"3,400",N/A,N/A,N/A,N/A,N/A,N/A,N/A,N/A,N/A,N/A,N/A,N/A,N/A,N/A,N/A,N/A,N/A,N/A,N/A,N/A,N/A,N/A,N/A,N/A,N/A,N/A,N/A,N/A,N/A,N/A,N/A,N/A,N/A,N/A,N/A
Shane Loughrey,IRL,Hull,Sky Bet Championship,"D (LC), DM",22,Either,6.4,5,2,196,£750K - £1.6M,"3,400",N/A,0,1,3,2,0,12,11,32,18,5,4,0,4,0,9,3,N/A,89%,14,123,3,1,6,2,0,0,13.8,30.2,0,0,0,0,0.05,0.52
Alvin Russell,TRI,Crystal Palace,Sky Bet Championship,D (C),20,Right,6.1,N/A,N/A,N/A,£230K - £2.3M,"3,400",N/A,N/A,N/A,N/A,N/A,N/A,N/A,N/A,N/A,N/A,N/A,N/A,N/A,N/A,N/A,N/A,N/A,N/A,N/A,N/A,N/A,N/A,N/A,N/A,N/A,N/A,N/A,N/A,N/A,N/A,N/A,N/A,N/A,N/A,N/A
Chris Prenderville,ENG,Millwall,Sky Bet Championship,GK,24,Right,6.1,N/A,N/A,N/A,£140K - £1.4M,"3,300",N/A,N/A,N/A,N/A,N/A,N/A,N/A,N/A,N/A,N/A,N/A,N/A,N/A,N/A,N/A,N/A,N/A,N/A,N/A,N/A,N/A,N/A,N/A,N/A,N/A,N/A,N/A,N/A,N/A,N/A,N/A,N/A,N/A,N/A,N/A
Shea Cunningham,ENG,Burnley,Sky Bet Championship,"AM (LC), ST (C)",22,Left,5.1,N/A,N/A,N/A,£130K - £1.3M,"3,300",N/A,N/A,N/A,N/A,N/A,N/A,N/A,N/A,N/A,N/A,N/A,N/A,N/A,N/A,N/A,N/A,N/A,N/A,N/A,N/A,N/A,N/A,N/A,N/A,N/A,N/A,N/A,N/A,N/A,N/A,N/A,N/A,N/A,N/A,N/A
Alex Roberts,ENG,Gillingham,Sky Bet League One,ST (C),26,Right,6.0,3,46,"3,969",£425K,"3,300",N/A,13,1,41,122,62,879,211,465,143,72,60,0,9,0,45,11,N/A,85%,27,991,29,0,22,0,74,0,5.6,508.5,0,0,0,0,16.03,2.09
Malachi Fagan Walcott,ENG,West Brom,Sky Bet Championship,D (C),30,Right,6.0,N/A,N/A,N/A,£7K,"3,300",0.01,N/A,N/A,N/A,N/A,N/A,N/A,N/A,N/A,N/A,N/A,N/A,N/A,N/A,N/A,N/A,N/A,N/A,N/A,N/A,N/A,N/A,N/A,N/A,N/A,N/A,N/A,N/A,N/A,N/A,N/A,N/A,N/A,N/A,N/A
Alfie Davis,IRL,St. Pat's Athletic,Irish Premier Division,"DM, M/AM (C)",24,Either,5.9,11,11,739,£500K,"3,300",0.5,0,1,9,1,0,38,13,129,30,14,11,0,5,0,9,3,N/A,84%,28,372,8,3,5,0,0,0,8.2,100.2,0,0,3,0,0.00,0.19
Lakyle Samuel,ENG,Fleetwood,Sky Bet League One,D (RC),26,Right,5.1,3,43,"3,551",£50K - £475K,"3,300",N/A,1,1,4,11,4,417,264,168,65,49,44,11,29,24,117,54,N/A,84%,191,"2,663",11,3,13,2,2,0,5.6,420.0,0,0,6,0,1.14,2.64
Cian Stowe,SCO,Celtic,Scottish Lowland League,D (RC),21,Right,6.0,3,19,"1,747",£20K - £60K,"3,300",N/A,4,3,0,11,4,0,N/A,0,0,38,37,0,0,0,0,0,N/A,73%,0,440,0,0,0,0,0,0,0.0,0.0,0,0,0,0,1.48,0.00
Dan Scott,IRL,Fulham,Sky Bet Championship,ST (C),19,Right,6.0,N/A,N/A,N/A,£2.3M - £4.5M,"3,300",N/A,N/A,N/A,N/A,N/A,N/A,N/A,N/A,N/A,N/A,N/A,N/A,N/A,N/A,N/A,N/A,N/A,N/A,N/A,N/A,N/A,N/A,N/A,N/A,N/A,N/A,N/A,N/A,N/A,N/A,N/A,N/A,N/A,N/A,N/A
Peter Hancox,ENG,Crystal Palace,Sky Bet Championship,D (RC),21,Right,5.8,N/A,N/A,N/A,£65K - £650K,"3,300",N/A,N/A,N/A,N/A,N/A,N/A,N/A,N/A,N/A,N/A,N/A,N/A,N/A,N/A,N/A,N/A,N/A,N/A,N/A,N/A,N/A,N/A,N/A,N/A,N/A,N/A,N/A,N/A,N/A,N/A,N/A,N/A,N/A,N/A,N/A
Adriano Brown,JAM,Reading,Sky Bet Championship,"M/AM (R), ST (C)",23,Right,6.0,7,1,211,£275K - £2.7M,"3,300",N/A,0,0,5,2,0,26,1,21,6,2,1,0,2,2,3,2,N/A,89%,4,66,2,0,6,1,3,0,4.7,30.6,0,0,0,0,0.11,0.10
Zac Ashworth,WAL,Charlton,Sky Bet League One,"D (LC), WB (L)",29,Left,5.9,13,29,"2,596",£60K - £600K,"3,200",N/A,0,3,39,5,1,199,103,288,93,59,43,5,23,17,124,30,N/A,84%,165,"1,516",24,10,68,14,2,0,14.1,367.3,0,0,5,1,0.16,3.04
Ben Bruce,ENG,Sutton,Sky Bet League Two,GK,21,Right,6.0,51,51,"4,590",Not for Sale,"3,200",N/A,0,0,0,0,N/A,N/A,N/A,0,0,7,1,0,N/A,N/A,20,N/A,17,43%,45,"1,513",4,1,N/A,N/A,0,0,0.0,295.3,0,0,2,0,0.00,0.39
Rees Magunda,IRL,Doncaster,Sky Bet League Two,"D (RL), WB (L)",23,Left,5.1,4,43,"3,773",£20K - £210K,"3,200",N/A,1,0,64,7,2,258,137,352,152,78,67,5,40,23,198,69,N/A,73%,197,"1,976",34,9,124,13,0,0,12.7,535.2,0,0,5,0,0.74,2.28
Lennie Blackman,ENG,Colchester,Sky Bet League Two,"DM, M/AM (C)",22,Right,5.1,14,14,"1,202",£1K - £10K,"3,200",N/A,0,0,6,1,0,89,56,159,45,37,26,0,9,3,26,11,N/A,82%,60,703,11,1,3,1,0,0,8.5,163.8,0,0,3,0,0.03,2.80
Johnny McKeown,NIR,Swindon,Sky Bet League One,"D (C), DM, M/AM (C)",23,Right,5.1,1,41,"3,402",£350K,"3,200",N/A,0,0,44,28,5,258,151,393,120,106,69,1,18,11,62,55,N/A,81%,95,"1,745",14,1,9,0,0,0,9.6,476.4,0,0,12,2,1.37,0.47
Nigel Jones,ENG,Ipswich,English Premier Division,"D (RC), DM",21,Right,5.1,5,N/A,61,£1.1M - £4.7M,"3,200",N/A,0,0,2,0,N/A,5,3,7,1,1,1,0,0,0,2,0,N/A,82%,1,34,0,0,3,0,0,0,N/A,7.6,0,0,0,0,0.00,0.00
Conor Casey,IRL,Forest Green,Sky Bet Championship,M/AM (C),23,Right,5.8,18,4,642,£3M,"3,200",N/A,0,0,5,3,0,31,7,103,39,18,16,1,3,2,13,12,N/A,80%,45,391,5,1,3,0,0,0,7.7,93.5,0,0,1,0,0.06,0.48
Christos Kapouranis,GRE,Atromitos,Greek Super League 2,"AM (R), ST (C)",23,Right,5.8,31,31,"2,790",Not for Sale,"3,100",N/A,7,4,0,98,44,0,N/A,0,0,47,28,0,0,0,0,0,N/A,59%,0,620,0,0,0,0,0,0,0.0,0.0,0,0,0,0,9.81,2.40
Leonie Lambert,ENG,Reading,Sky Bet Championship,D (LC),21,Left,6.1,6,4,409,£650K - £1.4M,"3,100",N/A,0,0,4,1,1,43,25,49,18,12,6,3,3,1,25,11,N/A,83%,16,259,2,0,2,0,0,0,5.9,54.1,0,0,1,0,0.01,0.04
Ethan Evans,WAL,Cardiff,Sky Bet Championship,"D (LC), WB (L)",23,Left,5.7,N/A,N/A,N/A,£850K,"3,100",0.85,N/A,N/A,N/A,N/A,N/A,N/A,N/A,N/A,N/A,N/A,N/A,N/A,N/A,N/A,N/A,N/A,N/A,N/A,N/A,N/A,N/A,N/A,N/A,N/A,N/A,N/A,N/A,N/A,N/A,N/A,N/A,N/A,N/A,N/A
Rhydian Bailey,WAL,Watford,Sky Bet League One,"M (LC), AM (L), ST (C)",22,Right,5.8,10,37,"2,858",£425K - £4.3M,"3,100",N/A,2,1,33,24,6,222,67,496,146,72,50,1,18,1,54,18,N/A,84%,118,"1,661",35,7,83,8,6,0,8.0,402.1,0,0,5,0,3.48,2.73
Simon Roger Apataki,COD,Portsmouth,Sky Bet League One,"DM, M/AM (C)",24,Left,5.1,4,37,"2,847",£250K - £750K,"3,000",N/A,0,4,32,28,7,156,57,405,129,64,46,0,16,2,62,29,N/A,83%,94,"1,557",34,9,17,4,3,1,8.7,389.4,0,0,6,2,2.67,2.75
Trent Kone,IRL,Chesterfield,Sky Bet League One,"M/AM (RL), ST (C)",25,Right,6.0,2,45,"3,632",£210K,"3,000",N/A,4,3,155,76,27,414,259,505,149,106,77,1,12,3,67,43,N/A,72%,131,"1,224",48,13,269,23,7,0,8.3,502.8,0,0,7,0,4.90,4.77
Garry Tomlinson,IRL,Plymouth,English Premier Division,"AM (C), ST (C)",20,Right,6.6,N/A,N/A,N/A,£50K - £475K,"3,000",N/A,N/A,N/A,N/A,N/A,N/A,N/A,N/A,N/A,N/A,N/A,N/A,N/A,N/A,N/A,N/A,N/A,N/A,N/A,N/A,N/A,N/A,N/A,N/A,N/A,N/A,N/A,N/A,N/A,N/A,N/A,N/A,N/A,N/A,N/A
Marvin Phillip,TRI,Preston,Sky Bet Championship,M/AM (C),23,Right,5.8,11,1,252,£650K - £1.4M,"3,000",N/A,0,0,2,1,0,12,1,42,14,9,4,0,1,1,2,3,N/A,88%,14,169,3,0,2,2,0,0,9.3,40.9,0,0,0,0,0.02,0.09
Vino Poleon,LCA,Birmingham,Sky Bet Championship,"M/AM (R), ST (C)",23,Either,5.8,N/A,N/A,N/A,£26K - £275K,"3,000",N/A,N/A,N/A,N/A,N/A,N/A,N/A,N/A,N/A,N/A,N/A,N/A,N/A,N/A,N/A,N/A,N/A,N/A,N/A,N/A,N/A,N/A,N/A,N/A,N/A,N/A,N/A,N/A,N/A,N/A,N/A,N/A,N/A,N/A,N/A
David Vaughan,WAL,Ipswich,English Premier Division,GK,24,Right,6.3,N/A,N/A,N/A,£3K - £30K,"3,000",N/A,N/A,N/A,N/A,N/A,N/A,N/A,N/A,N/A,N/A,N/A,N/A,N/A,N/A,N/A,N/A,N/A,N/A,N/A,N/A,N/A,N/A,N/A,N/A,N/A,N/A,N/A,N/A,N/A,N/A,N/A,N/A,N/A,N/A,N/A
Charles Copin,FRA,AC Ajaccio,Ligue 2 BKT,GK,23,Right,6.1,13,13,"1,170",£1.2M - £2.6M,"3,000",N/A,0,0,0,0,N/A,N/A,N/A,0,0,0,N/A,0,N/A,N/A,0,N/A,3,55%,0,260,0,0,N/A,N/A,0,0,0.0,0.0,0,0,0,0,0.00,0.00
Miguel Ángel Tello,MEX,Woking,Sky Bet League Two,"D/M (R), AM (RL)",22,Either,5.9,1,37,"3,075",£75K - £750K,"3,000",N/A,0,3,104,6,1,196,76,230,76,71,51,6,26,11,163,74,N/A,77%,115,"1,314",41,10,251,25,5,2,9.9,435.0,0,0,9,0,0.20,3.70
Ryan Schofield,ENG,Forest Green,Sky Bet Championship,GK,32,Right,6.3,19,19,"1,710",£20K - £200K,"3,000",N/A,0,0,0,0,N/A,N/A,N/A,0,0,3,0,1,N/A,N/A,10,N/A,4,48%,50,562,0,0,N/A,N/A,0,3,0.1,81.0,0,0,0,0,0.00,0.00
John L'Estrange,ENG,Sunderland,Sky Bet Championship,"AM (RL), ST (C)",22,Right,5.1,N/A,N/A,N/A,£1K - £9K,"2,900",N/A,N/A,N/A,N/A,N/A,N/A,N/A,N/A,N/A,N/A,N/A,N/A,N/A,N/A,N/A,N/A,N/A,N/A,N/A,N/A,N/A,N/A,N/A,N/A,N/A,N/A,N/A,N/A,N/A,N/A,N/A,N/A,N/A,N/A,N/A
Ben Khinda,ENG,Birmingham,Sky Bet Championship,"M (C), AM (RC), ST (C)",23,Right,5.1,N/A,N/A,N/A,£1.8M - £3.6M,"2,900",N/A,N/A,N/A,N/A,N/A,N/A,N/A,N/A,N/A,N/A,N/A,N/A,N/A,N/A,N/A,N/A,N/A,N/A,N/A,N/A,N/A,N/A,N/A,N/A,N/A,N/A,N/A,N/A,N/A,N/A,N/A,N/A,N/A,N/A,N/A
Sam Waudby,ENG,Sunderland,Sky Bet Championship,AM (RLC),22,Either,5.1,N/A,N/A,N/A,£65K - £650K,"2,800",N/A,N/A,N/A,N/A,N/A,N/A,N/A,N/A,N/A,N/A,N/A,N/A,N/A,N/A,N/A,N/A,N/A,N/A,N/A,N/A,N/A,N/A,N/A,N/A,N/A,N/A,N/A,N/A,N/A,N/A,N/A,N/A,N/A,N/A,N/A
Darnell Rockall,ENG,Ipswich,English Premier Division,"D (C), DM",23,Right,6.2,2,N/A,31,£275K - £2.6M,"2,800",N/A,0,0,0,0,N/A,3,3,2,1,1,1,0,0,2,0,0,N/A,86%,3,22,0,0,0,0,0,0,N/A,3.7,0,0,0,0,0.00,0.24
Huw Griffith,ENG,Charlton,Sky Bet League One,"DM, M (LC), AM (L)",21,Left,6.2,11,6,631,£190K - £1.9M,"2,800",N/A,0,0,10,3,1,56,26,72,20,8,6,0,4,0,12,4,N/A,85%,22,387,5,1,6,0,2,0,9.6,87.3,0,0,3,1,0.14,0.52
Ryan Manley,NIR,Wrexham,Sky Bet League Two,"AM (RL), ST (C)",21,Left,6.2,16,29,"2,877",£180K - £1.8M,"2,800",N/A,11,2,49,78,35,597,118,384,112,63,43,0,12,2,33,22,N/A,81%,27,789,26,5,54,9,33,0,7.1,388.3,0,0,11,0,8.24,1.51
Jake Vokins,ENG,Burton,Sky Bet League One,D/WB (L),32,Left,5.1,7,43,"3,874",Not for Sale,"2,800",N/A,2,1,91,11,4,252,107,415,166,134,91,3,41,13,168,58,N/A,81%,224,"2,089",42,12,107,12,2,1,12.8,522.8,0,0,5,0,1.18,3.70
Greg Hoolahan,IRL,Nottm Forest,English Premier Division,M (C),20,Left,5.6,N/A,N/A,N/A,£14K - £140K,"2,800",N/A,N/A,N/A,N/A,N/A,N/A,N/A,N/A,N/A,N/A,N/A,N/A,N/A,N/A,N/A,N/A,N/A,N/A,N/A,N/A,N/A,N/A,N/A,N/A,N/A,N/A,N/A,N/A,N/A,N/A,N/A,N/A,N/A,N/A,N/A
Olly Jones,WAL,Salford,Sky Bet League Two,"AM (RL), ST (C)",22,Right,5.9,2,34,"2,259",£150K - £1.5M,"2,700",N/A,7,1,36,74,33,385,61,290,73,45,31,0,9,1,21,6,N/A,81%,17,587,13,3,29,4,35,0,6.3,297.0,0,0,4,1,9.17,2.46
Stephen Bonney,ENG,Middlesbrough,Sky Bet Championship,"DM, M (C)",24,Right,5.1,N/A,N/A,N/A,£85K,"2,700",0.09,N/A,N/A,N/A,N/A,N/A,N/A,N/A,N/A,N/A,N/A,N/A,N/A,N/A,N/A,N/A,N/A,N/A,N/A,N/A,N/A,N/A,N/A,N/A,N/A,N/A,N/A,N/A,N/A,N/A,N/A,N/A,N/A,N/A,N/A
Andrew Fisher,JAM,Portmore Utd,Jamaican Premier League,"DM, M/AM (C)",24,Right,5.9,30,30,"2,521",£220K - £2.2M,"2,700",N/A,3,9,9,49,11,108,41,286,104,63,54,1,11,0,31,20,N/A,84%,106,"1,479",26,7,34,4,1,0,9.9,318.2,0,0,7,0,6.22,4.95
Martin Foedisch,GER,Norwich,Sky Bet Championship,"D (RLC), DM",23,Right,6.4,8,N/A,120,£24K - £240K,"2,700",N/A,0,0,0,0,N/A,12,10,13,2,7,7,0,0,0,3,2,N/A,88%,9,112,0,0,0,0,0,1,16.5,19.4,0,0,1,0,0.00,0.00
David Bowers,ENG,Norwich,Sky Bet Championship,M/AM (C),22,Right,6.0,N/A,N/A,N/A,£26K - £250K,"2,700",N/A,N/A,N/A,N/A,N/A,N/A,N/A,N/A,N/A,N/A,N/A,N/A,N/A,N/A,N/A,N/A,N/A,N/A,N/A,N/A,N/A,N/A,N/A,N/A,N/A,N/A,N/A,N/A,N/A,N/A,N/A,N/A,N/A,N/A,N/A
Regan Shuker,ENG,West Brom,Sky Bet Championship,D (LC),23,Left,6.2,1,N/A,13,£0 - £14K,"2,700",N/A,0,0,0,0,N/A,4,3,0,0,0,N/A,0,0,0,1,0,N/A,80%,2,10,0,0,0,0,0,0,N/A,1.6,0,0,0,0,0.00,0.00
Scott Buchan,SCO,St. Mirren,cinch Championship,"M/AM (C), ST (C)",21,Right,6.0,1,28,"2,508",Not for Sale,"2,700",N/A,2,3,27,24,9,240,131,374,114,49,33,1,14,0,44,26,N/A,81%,102,"1,273",42,3,18,3,2,0,6.8,334.2,0,0,8,0,2.23,2.11
Christian Franzke,GER,Norwich,Sky Bet Championship,"AM (C), ST (C)",23,Right,5.9,N/A,N/A,N/A,£22K - £210K,"2,600",N/A,N/A,N/A,N/A,N/A,N/A,N/A,N/A,N/A,N/A,N/A,N/A,N/A,N/A,N/A,N/A,N/A,N/A,N/A,N/A,N/A,N/A,N/A,N/A,N/A,N/A,N/A,N/A,N/A,N/A,N/A,N/A,N/A,N/A,N/A
Paul Barrett,ENG,Preston,Sky Bet Championship,D (LC),21,Left,6.2,1,1,83,£600K - £1.3M,"2,600",N/A,0,0,2,0,N/A,4,3,11,7,3,3,2,2,1,7,3,N/A,77%,7,48,0,0,0,0,0,0,17.4,12.3,0,0,0,0,0.00,0.00
Callum Abbott,ENG,West Brom,Sky Bet Championship,"D (RL), WB (R)",21,Right,5.1,1,N/A,4,£120K - £1.2M,"2,600",N/A,0,0,0,0,N/A,0,N/A,0,0,0,N/A,0,0,0,1,0,N/A,50%,0,2,0,0,0,0,0,0,N/A,1.0,0,0,0,0,0.00,0.00
Eric Frimpong,GHA,Bristol City,Sky Bet Championship,"M (L), AM (RC), ST (C)",22,Left,5.1,2,N/A,35,£0 - £120K,"2,500",N/A,0,0,0,0,N/A,1,0,3,1,0,N/A,0,0,0,0,0,N/A,91%,0,11,0,0,0,0,0,0,N/A,5.3,0,0,0,0,0.00,0.00
Diquan Hinkson,ENG,Coventry,Sky Bet Championship,"AM (RLC), ST (C)",24,Left,5.1,9,N/A,148,£275K,"2,500",0.28,0,0,5,4,2,15,2,28,10,2,2,0,0,0,3,2,N/A,91%,1,57,2,1,4,1,1,0,12.2,23.6,0,0,0,0,0.23,0.10
António Oliveira,ENG,Stoke,English Premier Division,M/AM (C),19,Left,5.7,N/A,N/A,N/A,£180K - £1.8M,"2,500",N/A,N/A,N/A,N/A,N/A,N/A,N/A,N/A,N/A,N/A,N/A,N/A,N/A,N/A,N/A,N/A,N/A,N/A,N/A,N/A,N/A,N/A,N/A,N/A,N/A,N/A,N/A,N/A,N/A,N/A,N/A,N/A,N/A,N/A,N/A
Kian Savage,SCO,Hull,Sky Bet Championship,GK,24,Right,6.1,N/A,N/A,N/A,£35K - £375K,"2,500",N/A,N/A,N/A,N/A,N/A,N/A,N/A,N/A,N/A,N/A,N/A,N/A,N/A,N/A,N/A,N/A,N/A,N/A,N/A,N/A,N/A,N/A,N/A,N/A,N/A,N/A,N/A,N/A,N/A,N/A,N/A,N/A,N/A,N/A,N/A
Moumouni Baradji,MLI,West Brom,Sky Bet Championship,"AM (R), ST (C)",23,Right,5.1,N/A,N/A,N/A,£1K - £8K,"2,500",N/A,N/A,N/A,N/A,N/A,N/A,N/A,N/A,N/A,N/A,N/A,N/A,N/A,N/A,N/A,N/A,N/A,N/A,N/A,N/A,N/A,N/A,N/A,N/A,N/A,N/A,N/A,N/A,N/A,N/A,N/A,N/A,N/A,N/A,N/A
Ellis Hill,WAL,Cardiff,Sky Bet Championship,GK,22,Right,6.2,1,1,90,£400K - £1.2M,"2,500",N/A,0,0,0,0,N/A,N/A,N/A,0,0,0,N/A,0,N/A,N/A,0,N/A,1,37%,2,19,0,0,N/A,N/A,0,0,0.0,3.8,0,0,0,0,0.00,0.00
James McAlister,ENG,West Brom,Sky Bet Championship,M/AM (L),23,Left,6.2,N/A,N/A,N/A,£18K - £50K,"2,500",N/A,N/A,N/A,N/A,N/A,N/A,N/A,N/A,N/A,N/A,N/A,N/A,N/A,N/A,N/A,N/A,N/A,N/A,N/A,N/A,N/A,N/A,N/A,N/A,N/A,N/A,N/A,N/A,N/A,N/A,N/A,N/A,N/A,N/A,N/A
Jason Barnes,ENG,Stevenage,Sky Bet League Two,D/WB/M/AM (R),24,Left,5.1,6,45,"3,742",£70K - £700K,"2,500",N/A,4,10,104,36,10,234,75,601,193,84,71,3,28,1,82,41,N/A,79%,110,"1,527",47,12,189,26,5,0,11.0,506.3,0,0,1,0,3.11,7.96
Tim Kilday,SCO,Rangers,Scottish Lowland League,D (C),20,Right,6.1,1,33,"2,992",£250K - £750K,"2,400",N/A,3,1,0,16,4,0,N/A,0,0,68,65,0,0,0,0,0,N/A,74%,0,680,0,0,0,0,0,0,0.0,0.0,0,0,0,0,1.66,0.03
Alex Nebylytsya,IRL,Sunderland,Sky Bet Championship,D (RC),21,Right,6.0,N/A,N/A,N/A,£150K - £1.5M,"2,400",N/A,N/A,N/A,N/A,N/A,N/A,N/A,N/A,N/A,N/A,N/A,N/A,N/A,N/A,N/A,N/A,N/A,N/A,N/A,N/A,N/A,N/A,N/A,N/A,N/A,N/A,N/A,N/A,N/A,N/A,N/A,N/A,N/A,N/A,N/A
Giorgos Evangelidakis,GRE,Panserraikos,Greek Super League 2,GK,23,Right,6.3,20,20,"1,800",Not for Sale,"2,400",N/A,0,0,0,0,N/A,N/A,N/A,0,0,0,N/A,0,N/A,N/A,0,N/A,3,60%,0,400,0,0,N/A,N/A,0,0,0.0,0.0,0,0,0,0,0.00,0.00
Nicolie Whyte,JAM,Široki Brijeg,Bosnian Premier League,M/AM (L),22,Left,5.6,2,31,"2,850",Not for Sale,"2,400",N/A,4,4,0,41,17,0,N/A,0,0,32,28,0,0,0,0,0,N/A,68%,0,660,0,0,0,0,0,0,0.0,0.0,0,0,0,1,4.63,1.43
Alun Beattie,ENG,Middlesbrough,Sky Bet Championship,D (RLC),22,Right,6.2,2,N/A,33,£24K - £250K,"2,400",N/A,0,0,0,0,N/A,2,2,2,0,2,1,0,2,0,2,1,N/A,76%,3,21,1,0,1,0,0,0,N/A,6.1,0,0,0,0,0.00,0.00
Luke Cook,ENG,Millwall,Sky Bet Championship,"M (L), AM (C), ST (C)",21,Left,5.9,1,N/A,14,£130K - £1.3M,"2,400",N/A,0,0,0,0,N/A,0,N/A,1,0,0,N/A,0,0,0,0,0,N/A,67%,0,6,0,0,0,0,0,0,N/A,2.6,0,0,0,0,0.00,0.00
Leighton Wellington,JAM,Mount Pleasant FC,Jamaican Premier League,D (C),23,Right,6.0,34,34,"3,060",Not for Sale,"2,400",N/A,1,0,0,13,0,0,N/A,0,0,66,64,0,0,0,0,0,N/A,70%,0,680,0,0,0,0,0,0,0.0,0.0,0,0,1,0,2.21,0.00
Kodi McCoist,SCO,Oxford,Sky Bet League One,ST (C),23,Right,6.0,36,36,"2,825",£230K - £2.3M,"2,400",N/A,12,1,34,68,38,498,132,241,74,37,25,0,4,1,19,12,N/A,82%,20,595,17,3,11,3,33,0,5.5,346.9,0,0,2,0,9.67,1.86
Murray Johnson,SCO,Coventry,Sky Bet Championship,GK,27,Right,6.2,3,3,270,£190K - £550K,"2,400",N/A,0,0,0,0,N/A,N/A,N/A,0,0,0,N/A,0,N/A,N/A,1,N/A,0,79%,2,87,1,0,N/A,N/A,0,0,0.3,18.3,0,0,0,0,0.00,0.11
Haydn Leake,ENG,Sheff Utd,Sky Bet Championship,"D (RLC), WB (R), DM",21,Either,6.2,2,N/A,19,£230K - £2.3M,"2,400",N/A,0,0,0,0,N/A,6,4,2,1,1,1,0,1,0,1,0,N/A,60%,0,15,0,0,3,0,0,0,N/A,3.7,0,0,0,0,0.00,0.00
Lucas Wane,ENG,Cambridge,Sky Bet League One,"M (RLC), AM (R)",25,Right,5.1,3,44,"3,629",£110K - £1.1M,"2,300",N/A,2,5,104,43,19,257,68,549,175,91,71,0,16,0,55,25,N/A,86%,96,"1,711",48,9,141,15,10,0,10.8,504.7,0,0,3,0,4.04,3.78
Ben Berry,ENG,Middlesbrough,Sky Bet Championship,"AM (RL), ST (C)",22,Right,6.2,N/A,N/A,N/A,£5K - £50K,"2,300",N/A,N/A,N/A,N/A,N/A,N/A,N/A,N/A,N/A,N/A,N/A,N/A,N/A,N/A,N/A,N/A,N/A,N/A,N/A,N/A,N/A,N/A,N/A,N/A,N/A,N/A,N/A,N/A,N/A,N/A,N/A,N/A,N/A,N/A,N/A
Callum Perry,ENG,Coventry,Sky Bet Championship,D (C),25,Right,6.2,1,1,90,£5K,"2,300",0.01,0,0,0,0,N/A,11,11,2,1,1,1,0,0,0,3,1,N/A,69%,2,62,0,1,0,0,0,0,3.0,11.8,0,0,1,0,0.00,0.00
Max Seymour,ENG,West Brom,Sky Bet Championship,"AM (R), ST (C)",23,Right,6.1,1,N/A,17,£35K - £375K,"2,300",N/A,0,0,1,0,N/A,2,1,4,2,4,3,0,0,0,2,0,N/A,67%,0,12,0,0,1,0,0,0,N/A,3.2,0,0,0,0,0.00,0.00
Reece Howell,ENG,Millwall,Sky Bet Championship,"M (L), AM (LC)",21,Left,5.7,N/A,N/A,N/A,£3.5K - £35K,"2,300",N/A,N/A,N/A,N/A,N/A,N/A,N/A,N/A,N/A,N/A,N/A,N/A,N/A,N/A,N/A,N/A,N/A,N/A,N/A,N/A,N/A,N/A,N/A,N/A,N/A,N/A,N/A,N/A,N/A,N/A,N/A,N/A,N/A,N/A,N/A
William Harriette,ATG,Norwich,Sky Bet Championship,"AM (R), ST (C)",22,Right,6.1,4,N/A,34,£400K - £4M,"2,300",N/A,0,0,0,1,1,3,0,5,2,0,N/A,0,0,0,0,0,N/A,100%,0,9,0,0,0,0,1,0,N/A,6.5,0,0,0,0,0.09,0.00
David Clarke,NIR,Doncaster,Sky Bet League Two,D (C),23,Right,6.4,14,29,"2,821",£18K - £180K,"2,300",N/A,1,0,4,20,7,400,288,100,51,31,26,5,21,17,117,55,N/A,77%,149,"2,104",9,3,2,0,1,1,4.3,333.8,0,0,4,0,1.58,0.75
Jack Kingdon,SCO,Motherwell,cinch Premiership,D (RC),26,Right,6.1,35,35,"3,127",£55K - £550K,"2,300",N/A,5,1,44,25,11,224,158,288,95,71,60,3,16,27,131,43,N/A,83%,109,"1,614",22,4,189,24,3,0,15.9,426.9,0,0,4,0,2.03,1.65
Andrew Mitchell,NIR,Bristol Rovers,Sky Bet League One,D/WB (R),21,Right,6.1,1,14,"1,231",Not for Sale,"2,300",N/A,1,1,23,13,3,87,50,149,48,29,22,2,7,10,56,23,N/A,84%,38,645,10,3,63,11,3,0,21.4,178.6,1,1,7,0,0.97,1.38
Luke Rumble,ENG,Gillingham,Sky Bet League One,"DM, M (C)",23,Right,5.1,19,19,"1,438",£600K - £1.2M,"2,300",N/A,1,0,16,16,7,116,48,192,73,40,36,0,8,3,22,16,N/A,79%,71,873,21,2,10,1,0,0,7.0,194.7,0,0,2,0,1.22,1.23
Richard Clark,ENG,Preston,Sky Bet Championship,"D (RLC), DM",24,Right,6.1,N/A,N/A,N/A,£50K,"2,300",0.05,N/A,N/A,N/A,N/A,N/A,N/A,N/A,N/A,N/A,N/A,N/A,N/A,N/A,N/A,N/A,N/A,N/A,N/A,N/A,N/A,N/A,N/A,N/A,N/A,N/A,N/A,N/A,N/A,N/A,N/A,N/A,N/A,N/A,N/A
Jonno Nangle,IRL,Swansea,Sky Bet League One,D (LC),24,Left,5.9,3,4,486,£110K,"2,200",N/A,0,0,3,1,0,39,22,49,10,9,8,1,7,7,24,7,N/A,90%,26,267,5,0,10,3,1,0,11.5,67.3,0,0,1,0,0.03,0.27
Max Rees,ENG,Sheff Wed,Sky Bet League One,D (RLC),22,Right,6.0,6,3,395,£350K - £1M,"2,200",N/A,0,0,0,0,N/A,42,29,32,8,3,2,0,2,5,15,7,N/A,89%,9,264,2,0,6,1,0,0,6.6,50.4,0,0,2,0,0.00,0.00
Tony Sawyer,ENG,Charlton,Sky Bet League One,"M (C), AM (RC), ST (C)",22,Right,5.9,8,36,"3,032",£230K - £2.3M,"2,200",N/A,6,2,51,69,22,335,92,510,153,75,62,0,15,2,61,16,N/A,81%,48,"1,124",30,7,35,5,8,0,11.9,441.5,0,0,2,0,6.73,2.65
Stefan Francis,TRI,Defence Force,TT Pro League,"D (RC), DM, M (C)",24,Left,6.2,29,29,"2,610",£22K,"2,200",N/A,1,3,0,6,1,0,N/A,0,0,51,49,0,0,0,0,0,N/A,70%,0,580,0,0,0,0,0,0,0.0,0.0,0,0,2,0,0.66,1.80
Reece Harkins,SCO,Rangers,Scottish Lowland League,D (RLC),22,Right,6.1,1,33,"2,985",£120K - £1.2M,"2,200",N/A,3,2,0,13,2,0,N/A,0,0,68,65,0,0,0,0,0,N/A,70%,0,680,0,0,0,0,0,0,0.0,0.0,0,0,0,0,1.58,0.02
Greg Fitzpatrick,IRL,Walsall,Sky Bet League Two,"AM (R), ST (C)",24,Right,5.1,13,40,"3,759",£100K - £300K,"2,200",N/A,13,1,57,98,48,988,141,489,151,61,51,0,11,0,39,30,N/A,86%,21,"1,144",37,4,41,5,41,0,6.7,502.1,0,0,1,0,9.63,3.33
Kion Woodley,ENG,Walsall,Sky Bet League Two,"D (RC), DM",20,Right,6.2,5,36,"2,948",£1.9M - £3.7M,"2,200",N/A,0,0,25,13,2,277,187,375,113,78,53,2,22,10,61,58,N/A,81%,116,"1,742",39,5,16,4,0,0,9.4,429.8,0,0,7,0,1.08,1.40
Adam Barr,NIR,Watford,Sky Bet League One,"D (RLC), M (L)",23,Either,5.7,9,14,"1,426",£80K - £800K,"2,200",N/A,0,0,2,2,2,236,146,57,29,23,15,2,6,14,59,30,N/A,81%,71,"1,046",5,1,3,0,1,0,4.1,171.4,0,0,0,0,0.11,0.24
Lei Waldrum,ENG,Birmingham,Sky Bet Championship,M/AM (RLC),24,Right,5.9,N/A,N/A,N/A,£6K,"2,100",6,N/A,N/A,N/A,N/A,N/A,N/A,N/A,N/A,N/A,N/A,N/A,N/A,N/A,N/A,N/A,N/A,N/A,N/A,N/A,N/A,N/A,N/A,N/A,N/A,N/A,N/A,N/A,N/A,N/A,N/A,N/A,N/A,N/A,N/A
Alexander van der Mooren,NED,Stoke,English Premier Division,"AM (C), ST (C)",22,Right,5.1,N/A,N/A,N/A,£0 - £75K,"2,100",N/A,N/A,N/A,N/A,N/A,N/A,N/A,N/A,N/A,N/A,N/A,N/A,N/A,N/A,N/A,N/A,N/A,N/A,N/A,N/A,N/A,N/A,N/A,N/A,N/A,N/A,N/A,N/A,N/A,N/A,N/A,N/A,N/A,N/A,N/A
Harri Price,WAL,Norwich,Sky Bet Championship,"WB (R), DM, M (C)",20,Left,6.3,2,N/A,20,£850K - £1.7M,"2,100",N/A,0,0,1,1,1,3,1,4,1,0,N/A,0,0,0,1,0,N/A,82%,3,17,0,0,0,0,0,0,N/A,3.7,0,0,0,0,0.10,0.00
Alphonso Wood,JAM,Portmore Utd,Jamaican Premier League,"AM (LC), ST (C)",23,Left,6.0,43,43,"3,745",£1.5K - £4.5K,"2,100",N/A,21,4,31,104,57,"1,047",307,392,134,63,56,0,12,0,24,34,N/A,80%,26,969,62,10,38,4,47,0,4.6,430.6,0,0,1,0,9.34,6.04
Lester Langlais,DMA,Barnsley,Sky Bet League One,"D (RL), WB/M/AM (R)",21,Either,5.9,11,1,366,£3.9M - £7.2M,"2,100",N/A,0,0,4,3,1,22,9,29,9,6,6,0,1,3,12,3,N/A,86%,17,193,3,0,15,0,0,0,14.8,48.4,0,0,1,0,0.46,0.70
Jarrett Gillesphey,IRL,Sunderland,Sky Bet Championship,"D (C), DM",23,Right,5.1,N/A,N/A,N/A,£7K - £20K,"2,100",N/A,N/A,N/A,N/A,N/A,N/A,N/A,N/A,N/A,N/A,N/A,N/A,N/A,N/A,N/A,N/A,N/A,N/A,N/A,N/A,N/A,N/A,N/A,N/A,N/A,N/A,N/A,N/A,N/A,N/A,N/A,N/A,N/A,N/A,N/A
Jai McCormick,ENG,Sunderland,Sky Bet Championship,ST (C),22,Right,6.1,N/A,N/A,N/A,£1K - £9K,"2,100",N/A,N/A,N/A,N/A,N/A,N/A,N/A,N/A,N/A,N/A,N/A,N/A,N/A,N/A,N/A,N/A,N/A,N/A,N/A,N/A,N/A,N/A,N/A,N/A,N/A,N/A,N/A,N/A,N/A,N/A,N/A,N/A,N/A,N/A,N/A
Nino Adom Malaki,ENG,Bradford City,Sky Bet League Two,"D (LC), WB (L)",27,Left,5.9,1,43,"3,649",£40K - £425K,"2,100",N/A,1,5,127,18,4,209,128,290,93,97,76,3,29,10,138,38,N/A,86%,232,"2,518",42,7,137,19,6,0,15.1,527.5,0,0,2,0,0.59,3.57
Ramón Merino,ESP,Barnsley,Sky Bet League One,"D (LC), WB (R), DM, M (C)",24,Left,5.9,17,32,"3,160",£170K - £1.7M,"2,100",N/A,0,2,10,12,1,356,216,191,66,43,35,8,25,11,112,48,N/A,77%,143,"2,030",8,2,13,2,0,1,4.7,382.7,0,0,8,2,0.97,1.43
Owen Bradley,NIR,Derby,Sky Bet Championship,"M/AM (R), ST (C)",19,Right,5.6,2,N/A,63,£4.2M - £7.6M,"2,100",N/A,0,0,2,1,0,3,0,5,1,1,0,0,0,0,1,0,N/A,79%,1,24,0,0,0,0,0,0,N/A,10.1,0,0,0,0,0.03,0.00
Harry Lee,ENG,Swindon,Sky Bet League One,D/WB (R),25,Right,6.4,1,34,"2,867",£16K - £160K,"2,100",N/A,2,2,53,26,7,313,263,322,94,91,75,4,24,7,143,60,N/A,77%,95,"1,363",29,9,199,18,4,1,14.1,414.1,0,0,3,1,1.41,2.55
Louis Dickson,ENG,Watford,Sky Bet League One,M/AM (R),20,Right,6.0,N/A,N/A,N/A,£230K - £2.3M,"2,100",N/A,N/A,N/A,N/A,N/A,N/A,N/A,N/A,N/A,N/A,N/A,N/A,N/A,N/A,N/A,N/A,N/A,N/A,N/A,N/A,N/A,N/A,N/A,N/A,N/A,N/A,N/A,N/A,N/A,N/A,N/A,N/A,N/A,N/A,N/A
Laurence Russell,ENG,Middlesbrough,Sky Bet Championship,WB/M/AM (R),20,Right,5.1,2,N/A,29,£325K - £5.4M,"2,100",N/A,0,0,1,0,N/A,2,0,6,2,2,2,0,1,1,0,1,N/A,100%,2,6,1,1,5,1,0,0,N/A,4.3,0,0,0,0,0.00,0.28
Aimé Akanapio,CGO,Bradford City,Sky Bet League Two,D/WB (R),23,Right,5.1,4,42,"3,320",£475K,"2,100",N/A,1,3,76,26,6,221,176,258,75,80,62,3,19,5,140,38,N/A,89%,144,"2,303",40,11,202,22,6,1,18.4,492.4,0,0,1,0,0.95,4.76
Charlie Beazley,ENG,Charlton,Sky Bet League One,"AM (RL), ST (C)",23,Left,5.1,39,4,"1,355",£100K - £1M,"2,000",N/A,4,1,27,57,28,228,25,151,47,23,17,0,1,0,15,8,N/A,86%,9,334,16,2,29,5,16,0,7.5,185.6,0,0,1,0,6.22,1.03
Matthew Rothwell,ENG,Sheff Utd,Sky Bet Championship,M/AM (C),21,Right,6.0,N/A,N/A,N/A,£190K - £1.9M,"2,000",N/A,N/A,N/A,N/A,N/A,N/A,N/A,N/A,N/A,N/A,N/A,N/A,N/A,N/A,N/A,N/A,N/A,N/A,N/A,N/A,N/A,N/A,N/A,N/A,N/A,N/A,N/A,N/A,N/A,N/A,N/A,N/A,N/A,N/A,N/A
Ted Curd,ENG,Watford,Sky Bet League One,GK,26,Right,6.3,2,3,308,£90K - £250K,"2,000",N/A,0,0,0,0,N/A,N/A,N/A,0,0,0,N/A,0,N/A,N/A,0,N/A,3,56%,0,102,0,0,N/A,N/A,0,0,0.0,18.2,0,0,1,0,0.00,0.00
Gareth Swattridge,WAL,Cardiff,Sky Bet Championship,"AM (LC), ST (C)",22,Either,6.0,N/A,N/A,N/A,£55K - £550K,"2,000",N/A,N/A,N/A,N/A,N/A,N/A,N/A,N/A,N/A,N/A,N/A,N/A,N/A,N/A,N/A,N/A,N/A,N/A,N/A,N/A,N/A,N/A,N/A,N/A,N/A,N/A,N/A,N/A,N/A,N/A,N/A,N/A,N/A,N/A,N/A
Kalern Dewberry,IRL,Derby,Sky Bet Championship,"AM (R), ST (C)",21,Right,6.2,7,1,195,£45K - £3.6M,"2,000",N/A,0,0,7,7,2,27,10,37,9,7,5,0,1,0,4,3,N/A,70%,1,54,1,0,7,0,2,0,7.9,29.3,0,0,0,0,0.86,0.05
Ceiran Houlton,ENG,Reading,Sky Bet Championship,"D (RC), DM, M (C)",19,Right,6.0,2,N/A,23,£140K - £1.4M,"2,000",N/A,0,0,0,0,N/A,6,3,4,1,1,1,0,2,0,1,2,N/A,60%,0,10,0,0,0,0,1,0,N/A,4.5,0,0,0,0,0.00,0.00
Tom Evans,ENG,Carlisle,Sky Bet League One,D (RLC),24,Right,5.1,39,39,"3,393",£200K,"2,000",N/A,1,1,5,14,3,382,198,150,59,50,42,9,18,33,153,69,N/A,80%,120,"2,415",5,4,6,1,0,1,4.8,420.4,0,0,5,2,2.01,0.82
Anang Hasan,ENG,Charlton,Sky Bet League One,"D/WB (R), DM, M (C)",23,Right,6.2,17,6,882,£12K - £110K,"2,000",N/A,0,0,6,1,1,90,67,109,32,21,16,0,3,6,15,8,N/A,78%,34,519,6,2,18,1,1,0,12.1,121.8,0,0,2,0,0.01,0.25
Jonas Sørensen,DEN,Sheff Wed,Sky Bet League One,"D (LC), DM",21,Left,6.3,12,12,"1,080",Not for Sale,"2,000",N/A,0,0,1,5,1,143,94,40,18,13,13,5,5,10,51,24,N/A,82%,53,818,3,0,0,0,1,0,4.3,128.8,0,0,2,0,0.53,0.00
Matthew Goulding,ENG,Coventry,Sky Bet Championship,D (C),25,Right,6.3,2,N/A,32,£150K,"2,000",0.15,0,0,1,0,N/A,2,2,2,0,1,1,0,0,0,0,2,N/A,74%,2,39,0,0,0,0,0,0,N/A,4.6,0,0,0,0,0.00,0.00
Jamie Walker,ENG,Sheff Wed,Sky Bet League One,"D (RC), M (C)",23,Right,6.2,46,46,"3,932",£475K - £3.4M,"2,000",N/A,0,1,9,19,5,478,385,190,84,59,49,11,22,10,148,84,N/A,86%,182,"3,160",9,5,5,1,1,0,5.8,486.8,0,0,3,0,1.99,1.39
Harrison Murray Campbell,ENG,Colchester,Sky Bet League Two,"D (RC), DM",25,Right,6.1,4,46,"3,794",£45K - £450K,"2,000",N/A,2,4,13,17,4,504,378,177,77,59,50,15,24,17,143,75,N/A,75%,154,"2,679",14,8,5,0,0,0,4.4,448.6,0,0,3,0,2.35,3.02
Stevie Westwood,SCO,Dunfermline,cinch Championship,"D (R), M/AM (C)",24,Either,5.1,36,36,"3,240",£14K - £150K,"2,000",N/A,0,0,42,17,4,209,101,488,125,81,68,3,14,2,76,29,N/A,85%,117,"1,569",30,9,91,11,6,0,11.9,449.1,0,0,1,0,1.24,1.59
Tom Pritchard,WAL,Crewe,Sky Bet League Two,"M/AM (L), ST (C)",23,Left,5.8,1,45,"3,344",£80K - £800K,"2,000",N/A,7,1,162,48,22,271,69,480,149,79,67,0,15,0,48,28,N/A,83%,58,"1,276",54,11,223,31,21,0,8.6,454.8,0,0,6,0,5.68,4.01
Will Hughes,WAL,Blackpool,Sky Bet Championship,"M/AM (L), ST (C)",23,Left,6.4,2,N/A,79,£4.5K - £12K,"1,900",N/A,0,0,1,2,1,10,3,16,3,2,1,0,0,0,0,0,N/A,91%,1,22,1,0,4,2,1,0,8.0,10.6,0,0,0,0,0.11,0.00
Misha Brimacombe Wiard,ENG,Rochdale,Vanarama National League,"M (LC), AM (L)",24,Left,5.9,1,42,"3,229",£375K,"1,900",N/A,0,7,73,19,4,279,106,466,172,79,70,0,17,0,48,29,N/A,80%,87,"1,375",57,7,94,9,4,0,8.0,437.6,0,0,7,0,3.33,5.06
José Galeano,PAR,Aldershot,Sky Bet League Two,"M (R), AM (RC), ST (C)",23,Right,5.1,8,36,"3,185",£26K - £250K,"1,900",N/A,5,4,33,57,24,631,90,382,119,59,51,0,8,2,33,11,N/A,83%,43,"1,036",33,8,41,6,22,0,6.9,443.0,0,0,4,0,6.97,4.17
Callum Whyte,IRL,Crawley,Sky Bet League One,M/AM (LC),21,Left,6.3,7,32,"2,812",£3.5M - £6.4M,"1,900",N/A,10,3,46,77,22,347,166,547,162,92,66,1,11,4,42,29,N/A,83%,32,"1,127",25,3,32,3,5,0,6.8,415.6,0,0,3,0,8.46,1.85
Aled Young,WAL,Cardiff,Sky Bet Championship,"M (R), AM (RL), ST (C)",20,Right,5.1,3,N/A,82,£120K - £1.2M,"1,900",N/A,0,0,0,1,0,16,4,16,3,6,5,0,0,0,4,0,N/A,71%,7,28,1,0,5,0,0,0,7.7,13.4,0,0,0,0,0.02,0.04
Tomasz Dziuba,POL,Sunderland,Sky Bet Championship,GK,20,Right,6.1,N/A,N/A,N/A,£120K - £1.2M,"1,900",N/A,N/A,N/A,N/A,N/A,N/A,N/A,N/A,N/A,N/A,N/A,N/A,N/A,N/A,N/A,N/A,N/A,N/A,N/A,N/A,N/A,N/A,N/A,N/A,N/A,N/A,N/A,N/A,N/A,N/A,N/A,N/A,N/A,N/A,N/A
Cole Akrigg,ENG,Blackburn,Sky Bet Championship,"D/WB (RL), M/AM (R)",23,Left,5.1,N/A,N/A,N/A,£20K - £55K,"1,900",N/A,N/A,N/A,N/A,N/A,N/A,N/A,N/A,N/A,N/A,N/A,N/A,N/A,N/A,N/A,N/A,N/A,N/A,N/A,N/A,N/A,N/A,N/A,N/A,N/A,N/A,N/A,N/A,N/A,N/A,N/A,N/A,N/A,N/A,N/A
Ryan Blake,ENG,Reading,Sky Bet Championship,D/WB (R),24,Right,5.9,13,8,883,£6K - £55K,"1,800",N/A,0,0,14,3,1,69,20,126,49,33,26,1,4,2,52,13,N/A,83%,44,476,10,2,79,6,0,0,20.2,143.7,0,0,7,0,0.07,0.62
Chris Richards,IRL,Gillingham,Sky Bet League One,"M/AM (RL), ST (C)",21,Right,5.1,5,8,739,£120K - £1.2M,"1,800",N/A,0,0,10,10,4,133,28,93,28,11,7,0,3,0,10,6,N/A,79%,5,220,6,1,15,3,7,0,6.3,94.9,0,0,1,0,1.42,0.39
Cole Beet,ENG,Barnet,Sky Bet League Two,"DM, M (C)",24,Left,5.7,1,13,"1,115",£75K - £750K,"1,800",N/A,0,1,5,0,N/A,91,28,136,31,15,13,0,8,1,20,21,N/A,81%,42,550,19,0,17,2,0,0,9.0,147.1,0,0,2,0,0.00,2.12
Nick Jackson,ENG,Rotherham,Sky Bet League One,"M (R), AM (RL), ST (C)",23,Right,5.1,16,22,"1,974",£120K - £1.2M,"1,800",N/A,5,2,67,35,10,140,40,322,112,50,39,0,14,0,30,12,N/A,82%,36,844,18,2,86,15,13,0,11.0,275.0,0,0,2,0,5.10,1.79
Fraser Basham,ENG,Blackburn,Sky Bet Championship,"AM (C), ST (C)",23,Left,5.1,N/A,N/A,N/A,£0 - £28K,"1,800",N/A,N/A,N/A,N/A,N/A,N/A,N/A,N/A,N/A,N/A,N/A,N/A,N/A,N/A,N/A,N/A,N/A,N/A,N/A,N/A,N/A,N/A,N/A,N/A,N/A,N/A,N/A,N/A,N/A,N/A,N/A,N/A,N/A,N/A,N/A
Domantas Kazlauskas,LTU,Brighton,Sky Bet Championship,"M (C), AM (RC), ST (C)",20,Right,5.1,N/A,N/A,N/A,£26K - £250K,"1,800",N/A,N/A,N/A,N/A,N/A,N/A,N/A,N/A,N/A,N/A,N/A,N/A,N/A,N/A,N/A,N/A,N/A,N/A,N/A,N/A,N/A,N/A,N/A,N/A,N/A,N/A,N/A,N/A,N/A,N/A,N/A,N/A,N/A,N/A,N/A
Jake Collier,ENG,Derby,Sky Bet Championship,"D (RLC), DM",21,Either,5.9,2,1,129,£16K - £150K,"1,800",N/A,0,0,1,1,0,14,5,19,3,5,2,0,3,0,5,2,N/A,80%,9,66,2,1,4,2,0,0,25.1,19.4,0,0,0,0,0.01,0.17
Darron Attwood,ENG,Fleetwood,Sky Bet League One,"D/WB (L), DM",24,Left,5.1,11,24,"2,318",£0,"1,800",N/A,0,4,41,5,0,143,52,283,119,59,41,2,21,2,91,36,N/A,77%,79,"1,108",22,4,72,10,1,2,11.5,332.3,0,0,4,0,0.34,3.12
Piotr Kulejewski,POL,Podbeskidzie,Polish First Division,D (LC),20,Left,6.0,N/A,N/A,N/A,Not for Sale,"1,700",N/A,N/A,N/A,N/A,N/A,N/A,N/A,N/A,N/A,N/A,N/A,N/A,N/A,N/A,N/A,N/A,N/A,N/A,N/A,N/A,N/A,N/A,N/A,N/A,N/A,N/A,N/A,N/A,N/A,N/A,N/A,N/A,N/A,N/A,N/A
Barry Williams,WAL,Birmingham,Sky Bet Championship,"DM, M/AM (C)",24,Either,5.1,N/A,N/A,N/A,£120K,"1,700",0.12,N/A,N/A,N/A,N/A,N/A,N/A,N/A,N/A,N/A,N/A,N/A,N/A,N/A,N/A,N/A,N/A,N/A,N/A,N/A,N/A,N/A,N/A,N/A,N/A,N/A,N/A,N/A,N/A,N/A,N/A,N/A,N/A,N/A,N/A
Gary Mathieson,NIR,Barnsley,Sky Bet League One,"DM, M (C)",22,Either,5.1,19,1,343,£325K - £950K,"1,700",N/A,1,1,2,6,3,32,18,57,18,5,4,0,0,0,3,0,N/A,83%,12,184,3,1,1,0,0,0,7.9,48.0,0,0,0,0,0.39,0.09
Jevaun Dunkley,ENG,Derby,Sky Bet Championship,"M/AM (R), ST (C)",20,Right,6.5,N/A,N/A,N/A,£160K - £1.6M,"1,700",N/A,N/A,N/A,N/A,N/A,N/A,N/A,N/A,N/A,N/A,N/A,N/A,N/A,N/A,N/A,N/A,N/A,N/A,N/A,N/A,N/A,N/A,N/A,N/A,N/A,N/A,N/A,N/A,N/A,N/A,N/A,N/A,N/A,N/A,N/A
Sean Thompson,JAM,Mount Pleasant FC,Jamaican Premier League,"M (R), AM (RLC), ST (C)",24,Right,5.9,1,42,"3,799",£0 - £4K,"1,700",N/A,17,6,0,119,55,0,N/A,0,0,46,36,0,0,0,0,0,N/A,58%,0,860,0,0,0,0,0,0,0.0,0.0,0,0,0,0,13.58,4.81
David Paterson,SCO,Forest Green,Sky Bet Championship,D (RL),24,Right,5.1,N/A,N/A,N/A,£1.5K,"1,700",0,N/A,N/A,N/A,N/A,N/A,N/A,N/A,N/A,N/A,N/A,N/A,N/A,N/A,N/A,N/A,N/A,N/A,N/A,N/A,N/A,N/A,N/A,N/A,N/A,N/A,N/A,N/A,N/A,N/A,N/A,N/A,N/A,N/A,N/A
Colin Bloxham,ENG,Wigan,Sky Bet League One,"DM, M/AM (C)",24,Right,5.1,21,5,904,£20K - £210K,"1,700",N/A,0,0,14,7,1,77,22,128,37,8,6,0,9,0,19,14,N/A,81%,31,459,14,5,2,0,0,0,7.1,119.6,0,0,1,0,0.57,0.93
Jake Batty,ENG,QPR,Sky Bet League One,"D (LC), WB (L)",27,Left,5.8,3,44,"3,874",£90K - £900K,"1,700",N/A,0,4,104,9,1,220,100,437,152,124,87,3,35,24,160,54,N/A,83%,236,"2,245",33,10,109,19,2,0,13.4,537.9,0,0,4,1,0.87,4.13
Pavel Machá?ek,CZE,Cheltenham,Sky Bet League Two,D (RLC),23,Right,5.6,8,36,"2,944",£600K,"1,700",N/A,4,5,43,24,5,221,120,339,110,70,55,6,27,19,130,44,N/A,79%,111,"1,491",23,4,111,23,0,0,12.5,394.5,1,1,15,2,2.73,2.41
Eoin Graham,NIR,West Brom,Sky Bet Championship,M/AM (L),19,Right,6.0,2,N/A,6,£325K - £3.3M,"1,700",N/A,0,0,0,1,1,2,0,3,2,0,N/A,0,0,0,0,1,N/A,N/A,0,0,0,0,1,0,0,0,N/A,1.3,0,0,0,0,0.62,0.00
Greg Tolley,IRL,Blackburn,Sky Bet Championship,"DM, M/AM (C)",22,Right,5.9,N/A,N/A,N/A,£0 - £70K,"1,700",N/A,N/A,N/A,N/A,N/A,N/A,N/A,N/A,N/A,N/A,N/A,N/A,N/A,N/A,N/A,N/A,N/A,N/A,N/A,N/A,N/A,N/A,N/A,N/A,N/A,N/A,N/A,N/A,N/A,N/A,N/A,N/A,N/A,N/A,N/A
Daniel Pitchford,IRL,Barnet,Sky Bet League Two,ST (C),24,Right,6.0,10,28,"2,518",£20K - £190K,"1,700",N/A,9,1,24,90,33,848,309,262,84,34,24,0,7,1,18,11,N/A,83%,11,670,17,1,18,2,50,0,4.8,327.1,0,0,4,0,8.81,0.32
Frank Tattum,ENG,Exeter,Sky Bet League Two,ST (C),25,Right,5.1,2,46,"4,187",£26K - £275K,"1,600",N/A,24,3,54,157,67,807,169,490,138,79,57,0,7,1,35,22,N/A,87%,27,"1,070",33,2,42,1,35,0,6.2,544.5,7,7,1,0,19.48,2.60
Scott Jolliffe,ENG,Crewe,Sky Bet League Two,"M/AM (R), ST (C)",23,Right,5.9,5,43,"3,421",£375K - £1M,"1,600",N/A,5,7,152,60,21,226,58,557,183,82,63,0,9,0,48,27,N/A,85%,70,"1,570",47,7,156,23,14,0,10.8,462.2,0,0,6,0,8.82,4.97
Kalum Kilgallon,ENG,Peterborough,Sky Bet League One,"M (LC), AM (RLC), ST (C)",24,Right,6.2,17,7,791,£75K - £750K,"1,600",N/A,3,0,23,22,8,97,49,104,31,15,13,0,6,0,10,4,N/A,78%,7,332,16,1,24,1,0,0,9.6,115.0,0,0,0,0,2.07,0.96
Kavan Baughan,ENG,Oldham,Sky Bet League Two,"D (C), DM, M (C)",24,Right,5.9,4,41,"3,432",£550K,"1,600",N/A,1,3,44,31,5,314,118,579,189,100,78,1,30,11,67,24,N/A,76%,110,"1,370",42,8,35,8,2,1,9.1,503.9,0,0,4,0,1.18,3.82
Jack Ashby,ENG,Accrington,Vanarama National League,"D (RLC), WB/M (L)",24,Left,5.7,47,47,"4,124",£325K,"1,600",N/A,0,3,62,7,1,285,149,379,149,88,75,10,40,15,200,81,N/A,76%,223,"2,065",50,4,98,16,1,0,11.9,561.0,0,0,8,1,0.49,4.15
Alex Beeden,ENG,Portsmouth,Sky Bet League One,"DM, M (LC), AM (C)",24,Right,5.9,33,3,868,£95K - £275K,"1,600",N/A,0,1,7,8,1,80,12,129,33,12,9,0,2,1,11,6,N/A,81%,28,427,5,0,5,1,1,1,7.4,114.5,0,0,1,0,0.69,1.38
Tom Howcroft,ENG,Birmingham,Sky Bet Championship,"M/AM (C), ST (C)",23,Right,5.1,N/A,N/A,N/A,£70K - £700K,"1,600",N/A,N/A,N/A,N/A,N/A,N/A,N/A,N/A,N/A,N/A,N/A,N/A,N/A,N/A,N/A,N/A,N/A,N/A,N/A,N/A,N/A,N/A,N/A,N/A,N/A,N/A,N/A,N/A,N/A,N/A,N/A,N/A,N/A,N/A,N/A
Rio Taylor,ENG,Barnsley,Sky Bet League One,"M (RL), AM (L)",24,Either,5.9,2,5,481,£14K - £140K,"1,600",N/A,0,0,17,5,0,43,8,67,19,12,8,0,1,0,12,5,N/A,83%,12,149,9,0,32,3,1,0,7.5,66.6,0,0,2,0,1.25,0.32
Brian Simo,CMR,Reading,Sky Bet Championship,"AM (RL), ST (C)",23,Right,5.9,N/A,N/A,N/A,£0 - £60K,"1,600",N/A,N/A,N/A,N/A,N/A,N/A,N/A,N/A,N/A,N/A,N/A,N/A,N/A,N/A,N/A,N/A,N/A,N/A,N/A,N/A,N/A,N/A,N/A,N/A,N/A,N/A,N/A,N/A,N/A,N/A,N/A,N/A,N/A,N/A,N/A
Iwan Morgan,WAL,Tranmere,Sky Bet League Two,ST (C),26,Right,6.2,1,34,"2,733",£22K - £220K,"1,600",N/A,21,2,41,127,52,"1,190",262,368,129,42,27,2,5,1,29,15,N/A,83%,11,598,25,3,26,2,97,0,4.9,366.2,0,0,0,0,16.12,2.39
Mason Ward,ENG,Swindon,Sky Bet League One,"M (C), AM (RC)",22,Either,6.2,3,49,"3,700",£1.2M,"1,600",N/A,12,8,52,67,23,656,239,752,238,119,89,1,17,7,60,44,N/A,80%,47,"1,367",28,9,25,2,13,0,9.9,552.5,0,0,8,0,7.98,3.86
Trent Stevenson,ENG,Barnsley,Sky Bet League One,D (RLC),24,Right,6.0,16,15,"1,594",£40K - £400K,"1,600",N/A,1,1,13,11,2,166,125,125,41,33,22,4,8,14,54,31,N/A,77%,74,920,19,2,45,11,0,0,10.9,212.4,0,0,1,0,0.48,1.17
Nikolas Andreou,CYP,Sunderland,Sky Bet Championship,"M (L), AM (RLC), ST (C)",19,Either,5.1,N/A,N/A,N/A,£300K - £2.9M,"1,500",N/A,N/A,N/A,N/A,N/A,N/A,N/A,N/A,N/A,N/A,N/A,N/A,N/A,N/A,N/A,N/A,N/A,N/A,N/A,N/A,N/A,N/A,N/A,N/A,N/A,N/A,N/A,N/A,N/A,N/A,N/A,N/A,N/A,N/A,N/A
Jake Collins,ENG,Norwich,Sky Bet Championship,"AM (RLC), ST (C)",18,Left,6.0,N/A,N/A,N/A,£140K - £1.4M,"1,500",N/A,N/A,N/A,N/A,N/A,N/A,N/A,N/A,N/A,N/A,N/A,N/A,N/A,N/A,N/A,N/A,N/A,N/A,N/A,N/A,N/A,N/A,N/A,N/A,N/A,N/A,N/A,N/A,N/A,N/A,N/A,N/A,N/A,N/A,N/A
Stuart Griffiths,ENG,Birmingham,Sky Bet Championship,"AM (R), ST (C)",20,Right,6.0,N/A,N/A,N/A,£2.7M - £5.2M,"1,500",N/A,N/A,N/A,N/A,N/A,N/A,N/A,N/A,N/A,N/A,N/A,N/A,N/A,N/A,N/A,N/A,N/A,N/A,N/A,N/A,N/A,N/A,N/A,N/A,N/A,N/A,N/A,N/A,N/A,N/A,N/A,N/A,N/A,N/A,N/A
Craig Butler,ENG,Portsmouth,Sky Bet League One,"D (RC), DM",23,Right,6.3,22,28,"2,422",£300K - £2.9M,"1,500",N/A,0,0,18,14,5,240,187,280,88,67,50,2,10,3,45,20,N/A,86%,87,"1,385",13,3,14,1,2,0,8.9,330.3,0,0,2,0,1.46,1.85
Stephen Brown,IRL,Aldershot,Sky Bet League Two,"D (C), DM, M (C)",23,Right,6.3,8,40,"3,244",£550K,"1,500",N/A,1,3,12,9,4,381,261,311,114,67,58,2,23,14,78,51,N/A,81%,119,"1,934",22,4,9,0,1,0,6.3,431.1,0,0,10,1,0.86,2.42
Callum Fitzpatrick,ENG,Coventry,Sky Bet Championship,"D (C), DM",21,Right,6.3,6,9,841,£4.7M - £6.8M,"1,500",N/A,0,0,0,5,0,73,65,33,12,4,4,0,3,2,19,39,N/A,81%,41,707,1,0,0,0,1,1,3.3,102.4,0,0,1,0,0.30,0.04
Kyelan Krause,IRL,Carlisle,Sky Bet League One,D (RLC),23,Right,6.2,3,N/A,25,£0 - £12K,"1,500",N/A,0,0,0,1,0,4,2,1,0,0,N/A,0,0,0,1,0,N/A,65%,3,17,0,0,2,0,0,0,N/A,5.6,0,0,0,0,0.01,0.00
Dan Toulson,ENG,Forest Green,Sky Bet Championship,"D (C), DM, M (C)",26,Right,6.0,1,N/A,45,£24K,"1,500",0.02,0,0,0,0,N/A,9,7,4,1,2,2,0,2,2,3,0,N/A,57%,2,28,0,0,0,0,0,0,N/A,5.6,0,0,0,0,0.00,0.00
Nathan Bell,ENG,Shrewsbury,Sky Bet League Two,D (RC),23,Either,5.1,2,44,"3,783",£85K - £850K,"1,500",N/A,0,1,2,5,1,441,291,155,66,49,36,9,24,30,164,69,N/A,82%,121,"3,081",5,2,1,1,0,0,5.3,458.2,0,0,3,0,0.84,1.08
Richard Dobinson,GIB,AFC Wimbledon,Sky Bet League One,D (C),24,Right,6.0,10,7,819,£35K - £110K,"1,500",N/A,0,0,1,1,0,80,54,37,16,18,14,4,6,2,47,13,N/A,63%,55,483,2,0,0,0,0,0,4.4,105.3,0,0,1,0,0.01,0.08
George Scanlon,ENG,Carlisle,Sky Bet League One,"DM, M/AM (C)",24,Either,6.1,6,30,"2,375",£170K,"1,500",N/A,2,2,13,9,4,145,75,324,100,71,56,3,14,1,47,14,N/A,86%,113,"1,285",30,5,9,1,0,0,9.8,321.7,0,0,11,3,0.54,3.35
Godfred Boakye,ENG,QPR,Sky Bet League One,"D (C), DM, M (C)",25,Right,6.3,33,7,"1,363",£16K - £160K,"1,500",N/A,1,1,6,8,1,144,96,91,18,16,13,4,8,8,43,23,N/A,80%,53,908,8,1,1,0,0,0,6.8,175.2,0,0,3,0,0.46,0.90
Femi Seriki,NGA,Forest Green,Sky Bet Championship,D/WB/M/AM (R),29,Right,6.0,13,12,"1,261",£35K - £350K,"1,500",N/A,0,0,10,2,0,98,56,125,51,40,34,4,14,5,62,38,N/A,69%,58,607,12,3,22,5,1,1,10.5,180.4,0,0,1,0,0.17,0.74
Collins Odita,ENG,Cheltenham,Sky Bet League Two,"M/AM (R), ST (C)",19,Left,5.1,1,18,"1,506",£95K - £950K,"1,500",N/A,11,4,20,40,22,239,46,179,45,23,18,0,8,0,16,10,N/A,87%,11,389,13,5,11,4,20,0,7.1,208.0,1,1,0,0,4.80,1.40
Ryan Chapman,IRL,Watford,Sky Bet League One,"D (C), DM, M/AM (C)",20,Right,6.0,1,2,217,£425K - £1.2M,"1,500",N/A,0,0,1,2,0,21,17,29,4,2,2,0,1,0,4,2,N/A,82%,5,120,1,1,0,0,0,0,7.1,26.2,0,0,0,0,0.04,0.33
Colin Bowman,IRL,Huddersfield,Sky Bet Championship,M/AM (RC),21,Right,6.0,2,N/A,33,£475K - £1.4M,"1,400",N/A,0,1,0,2,0,7,6,3,1,1,1,0,0,0,0,0,N/A,89%,2,19,1,1,0,0,0,0,N/A,5.6,0,0,0,0,0.12,0.36
Rhys Lewis,WAL,Morecambe,Sky Bet League Two,M/AM (LC),23,Left,5.9,2,43,"3,469",£70K - £700K,"1,400",N/A,5,5,49,46,15,427,64,513,163,76,55,0,14,2,53,27,N/A,83%,73,"1,464",46,13,104,8,11,0,8.8,501.5,0,0,8,3,4.05,5.93
Lamin Samba,GAM,Carlisle,Sky Bet League One,"D/WB/M/AM (R), ST (C)",21,Right,5.4,6,4,414,Not for Sale,"1,400",N/A,0,0,16,5,1,37,12,52,13,8,7,0,1,2,10,3,N/A,84%,10,192,3,0,19,4,2,0,13.3,60.1,0,0,0,0,0.87,0.39
Alex White,WAL,Morecambe,Sky Bet League Two,"D (RC), DM",24,Right,6.1,4,49,"4,287",£450K,"1,400",N/A,3,1,6,33,8,479,329,186,75,55,45,13,38,39,147,94,N/A,82%,173,"3,246",15,0,4,0,0,1,4.8,510.0,0,0,7,1,3.49,0.94
Ibrahim Suma,SLE,Sutton,Sky Bet League Two,"AM (RLC), ST (C)",23,Left,5.9,11,27,"2,445",£0 - £18K,"1,400",N/A,9,1,33,58,23,518,59,256,77,40,26,0,6,0,21,25,N/A,82%,20,643,26,6,113,12,38,0,5.3,326.7,0,0,6,1,6.75,1.33
Cole Money,ENG,Preston,Sky Bet Championship,M/AM (C),23,Right,6.0,1,N/A,13,£55K,"1,400",0.06,0,0,0,0,N/A,2,1,3,2,0,N/A,0,0,0,2,0,N/A,77%,2,13,1,0,0,0,0,0,N/A,2.2,0,0,0,0,0.00,0.08
Pearse Watters,NIR,Derby,Sky Bet Championship,"D (LC), DM",21,Left,5.6,3,2,232,£800K - £1.6M,"1,400",N/A,0,0,3,3,0,8,4,37,10,9,7,0,3,0,11,3,N/A,89%,13,163,3,1,2,0,0,0,17.8,37.5,0,0,0,0,0.05,0.03
Jimmy Wong,HKG,Sheff Utd,Sky Bet Championship,D (C),22,Right,5.7,N/A,N/A,N/A,£110K - £1.1M,"1,400",N/A,N/A,N/A,N/A,N/A,N/A,N/A,N/A,N/A,N/A,N/A,N/A,N/A,N/A,N/A,N/A,N/A,N/A,N/A,N/A,N/A,N/A,N/A,N/A,N/A,N/A,N/A,N/A,N/A,N/A,N/A,N/A,N/A,N/A,N/A
Joe Tomlinson,ENG,Fleetwood,Sky Bet League One,D/WB (RL),31,Either,5.6,1,43,"3,688",£0 - £65K,"1,400",N/A,2,5,69,10,5,233,82,461,148,119,96,3,45,13,130,52,N/A,85%,157,"1,879",54,12,272,40,4,0,14.2,509.3,1,1,3,0,1.10,5.08
Steven Smith,ENG,Forest Green,Sky Bet Championship,M/AM (R),24,Right,5.1,1,1,73,£30K,"1,400",0.03,0,0,5,1,0,7,1,15,6,3,3,0,0,0,2,1,N/A,64%,4,25,1,1,7,1,0,0,13.6,11.2,0,0,1,0,0.04,0.26
Ed Parfitt,WAL,Cardiff,Sky Bet Championship,GK,22,Right,6.2,N/A,N/A,N/A,£60K - £600K,"1,400",N/A,N/A,N/A,N/A,N/A,N/A,N/A,N/A,N/A,N/A,N/A,N/A,N/A,N/A,N/A,N/A,N/A,N/A,N/A,N/A,N/A,N/A,N/A,N/A,N/A,N/A,N/A,N/A,N/A,N/A,N/A,N/A,N/A,N/A,N/A
Josh Simpson,ENG,AFC Wimbledon,Sky Bet League One,"DM, M/AM (C)",23,Right,6.2,12,18,"1,770",£16K - £150K,"1,400",N/A,3,1,18,31,9,176,124,304,93,48,33,0,6,2,37,13,N/A,80%,82,852,24,4,13,2,2,0,8.0,252.6,0,0,0,0,1.78,1.68
Gareth Rees,WAL,Reading,Sky Bet Championship,"M (C), AM (RLC), ST (C)",19,Left,6.2,N/A,N/A,N/A,£35K - £350K,"1,400",N/A,N/A,N/A,N/A,N/A,N/A,N/A,N/A,N/A,N/A,N/A,N/A,N/A,N/A,N/A,N/A,N/A,N/A,N/A,N/A,N/A,N/A,N/A,N/A,N/A,N/A,N/A,N/A,N/A,N/A,N/A,N/A,N/A,N/A,N/A
Clarke Mcrae,SCO,Wigan,Sky Bet League One,"M (C), AM (RL), ST (C)",23,Right,6.0,33,4,"1,041",£65K - £650K,"1,400",N/A,0,0,24,26,8,123,56,167,51,22,18,0,4,0,14,12,N/A,79%,17,403,12,2,54,3,3,0,9.3,137.4,0,0,1,0,3.04,0.65
Stephen Wood,WAL,Wycombe,Sky Bet League Two,M/AM (LC),22,Left,6.1,45,45,"3,386",£30K - £300K,"1,400",N/A,6,3,95,66,20,472,220,639,193,126,105,0,37,6,53,46,N/A,73%,59,977,40,10,241,20,11,1,9.5,496.7,0,0,2,0,4.61,4.02
Cian Hastings,SCO,Reading,Sky Bet Championship,"M (LC), AM (L)",22,Left,6.2,1,N/A,26,£0 - £55K,"1,400",N/A,0,0,1,1,1,5,4,5,1,2,1,0,0,0,0,1,N/A,58%,4,12,0,0,1,0,0,0,N/A,3.9,0,0,0,0,0.02,0.00
Oliver Souttar,SCO,Sheff Utd,Sky Bet Championship,"WB (R), DM, M (LC), AM (L)",21,Left,6.1,6,2,269,£2.9M - £5.4M,"1,400",N/A,1,0,0,1,1,22,14,33,9,6,5,0,1,0,4,6,N/A,84%,9,138,2,1,2,0,0,0,17.4,40.4,0,0,1,0,0.02,0.51
Richard Jones,WAL,Aston Villa,English Premier Division,D (RLC),19,Right,6.4,N/A,N/A,N/A,£22K - £210K,"1,300",N/A,N/A,N/A,N/A,N/A,N/A,N/A,N/A,N/A,N/A,N/A,N/A,N/A,N/A,N/A,N/A,N/A,N/A,N/A,N/A,N/A,N/A,N/A,N/A,N/A,N/A,N/A,N/A,N/A,N/A,N/A,N/A,N/A,N/A,N/A
John Farrell,ENG,Reading,Sky Bet Championship,"DM, M/AM (C)",23,Right,6.0,N/A,N/A,N/A,£3K - £9K,"1,300",N/A,N/A,N/A,N/A,N/A,N/A,N/A,N/A,N/A,N/A,N/A,N/A,N/A,N/A,N/A,N/A,N/A,N/A,N/A,N/A,N/A,N/A,N/A,N/A,N/A,N/A,N/A,N/A,N/A,N/A,N/A,N/A,N/A,N/A,N/A
Alhassane Kamano,GUI,West Brom,Sky Bet Championship,D/WB (L),20,Left,6.0,N/A,N/A,N/A,£100K - £1M,"1,300",N/A,N/A,N/A,N/A,N/A,N/A,N/A,N/A,N/A,N/A,N/A,N/A,N/A,N/A,N/A,N/A,N/A,N/A,N/A,N/A,N/A,N/A,N/A,N/A,N/A,N/A,N/A,N/A,N/A,N/A,N/A,N/A,N/A,N/A,N/A
Joseph Civil,ENG,Oldham,Sky Bet League Two,"M (R), AM (RC), ST (C)",24,Right,5.1,6,45,"3,507",£550K,"1,300",N/A,11,11,86,87,36,985,364,532,159,117,88,2,13,4,39,40,N/A,78%,31,"1,012",84,15,196,35,52,0,7.7,499.3,0,0,5,0,11.00,8.10
Stephen Adamson,ENG,Birmingham,Sky Bet Championship,M/AM (C),22,Right,5.6,N/A,N/A,N/A,£0 - £20K,"1,300",N/A,N/A,N/A,N/A,N/A,N/A,N/A,N/A,N/A,N/A,N/A,N/A,N/A,N/A,N/A,N/A,N/A,N/A,N/A,N/A,N/A,N/A,N/A,N/A,N/A,N/A,N/A,N/A,N/A,N/A,N/A,N/A,N/A,N/A,N/A
Charlie Robinson,ENG,Grimsby,Sky Bet League Two,D (C),27,Right,6.4,2,42,"3,565",£30K - £300K,"1,300",N/A,3,0,1,33,13,613,549,145,59,43,35,12,32,25,173,65,N/A,89%,179,"3,407",7,0,1,0,0,1,3.7,420.5,0,0,7,0,2.50,1.03
Adam Wickenden,ENG,Woking,Sky Bet League Two,"D (RC), DM, M (C)",24,Right,6.0,3,42,"3,548",£24K - £240K,"1,300",N/A,2,1,5,21,11,588,504,130,52,45,34,18,31,22,161,98,N/A,63%,159,"2,105",9,1,11,1,1,1,4.3,419.2,0,0,11,1,0.89,0.68
Sören Pett,GER,Birmingham,Sky Bet Championship,"D (C), DM, M (RC), AM (C)",22,Right,6.0,N/A,N/A,N/A,£0 - £2K,"1,300",N/A,N/A,N/A,N/A,N/A,N/A,N/A,N/A,N/A,N/A,N/A,N/A,N/A,N/A,N/A,N/A,N/A,N/A,N/A,N/A,N/A,N/A,N/A,N/A,N/A,N/A,N/A,N/A,N/A,N/A,N/A,N/A,N/A,N/A,N/A
Andrew Harris,WAL,Birmingham,Sky Bet Championship,"D (LC), AM (L)",21,Left,5.1,N/A,N/A,N/A,£120K - £1.2M,"1,300",N/A,N/A,N/A,N/A,N/A,N/A,N/A,N/A,N/A,N/A,N/A,N/A,N/A,N/A,N/A,N/A,N/A,N/A,N/A,N/A,N/A,N/A,N/A,N/A,N/A,N/A,N/A,N/A,N/A,N/A,N/A,N/A,N/A,N/A,N/A
Andy Cunningham,ENG,Millwall,Sky Bet Championship,"D (LC), WB (L), DM, M (LC)",22,Left,6.2,5,3,291,£90K - £900K,"1,200",N/A,0,0,2,2,1,22,19,19,7,5,2,1,1,1,4,7,N/A,88%,14,232,3,1,8,3,2,0,11.4,42.0,0,0,0,1,0.07,0.42
Lamell Iorfa,ENG,Oxford,Sky Bet League One,D (LC),24,Left,5.1,7,1,217,£60K - £600K,"1,200",N/A,0,0,5,0,N/A,19,12,18,2,0,N/A,0,4,1,12,4,N/A,76%,14,126,2,0,4,0,0,0,11.2,29.0,0,0,0,0,0.00,0.00
Peter Davies,WAL,Cardiff,Sky Bet Championship,"AM (R), ST (C)",23,Right,5.9,N/A,N/A,N/A,£9K - £26K,"1,200",N/A,N/A,N/A,N/A,N/A,N/A,N/A,N/A,N/A,N/A,N/A,N/A,N/A,N/A,N/A,N/A,N/A,N/A,N/A,N/A,N/A,N/A,N/A,N/A,N/A,N/A,N/A,N/A,N/A,N/A,N/A,N/A,N/A,N/A,N/A
Willy Kauffmann,SUI,Walsall,Sky Bet League Two,D (RLC),23,Right,6.2,1,48,"4,263",£400K,"1,200",N/A,1,1,6,20,5,687,549,201,102,62,51,14,26,20,185,86,N/A,69%,239,"3,160",16,3,8,0,0,0,4.2,529.0,0,0,4,0,1.82,1.18
Alex Tingle,ENG,Cambridge,Sky Bet League One,"M (RL), AM (RLC)",23,Right,5.8,8,N/A,203,£200K,"1,200",0.2,0,1,8,6,2,25,4,30,16,6,3,0,1,0,3,3,N/A,79%,4,76,2,0,17,3,0,0,10.2,28.6,0,0,0,1,0.52,0.00
Brian Murphy,IRL,Blackpool,Sky Bet Championship,"M (RC), AM (RLC)",22,Right,6.0,N/A,N/A,N/A,£0 - £30K,"1,200",N/A,N/A,N/A,N/A,N/A,N/A,N/A,N/A,N/A,N/A,N/A,N/A,N/A,N/A,N/A,N/A,N/A,N/A,N/A,N/A,N/A,N/A,N/A,N/A,N/A,N/A,N/A,N/A,N/A,N/A,N/A,N/A,N/A,N/A,N/A
Mateusz S?ota,POL,Stevenage,Sky Bet League Two,"M (RC), AM (R), ST (C)",22,Left,6.0,12,12,945,£0 - £100K,"1,200",N/A,2,1,12,22,9,223,32,91,41,14,9,0,3,0,8,4,N/A,85%,7,235,10,0,6,1,11,0,4.6,120.8,1,1,1,1,2.07,1.04
Rhodri Marks,SCO,Brighton,Sky Bet Championship,"DM, M (C)",20,Right,5.1,N/A,N/A,N/A,£110K - £1.1M,"1,200",N/A,N/A,N/A,N/A,N/A,N/A,N/A,N/A,N/A,N/A,N/A,N/A,N/A,N/A,N/A,N/A,N/A,N/A,N/A,N/A,N/A,N/A,N/A,N/A,N/A,N/A,N/A,N/A,N/A,N/A,N/A,N/A,N/A,N/A,N/A
Gabriel Okachi,NGA,Everton,English Premier Division,M/AM (R),21,Right,5.5,N/A,N/A,N/A,£55K - £550K,"1,200",N/A,N/A,N/A,N/A,N/A,N/A,N/A,N/A,N/A,N/A,N/A,N/A,N/A,N/A,N/A,N/A,N/A,N/A,N/A,N/A,N/A,N/A,N/A,N/A,N/A,N/A,N/A,N/A,N/A,N/A,N/A,N/A,N/A,N/A,N/A
Lewis Gordon,ENG,Colchester,Sky Bet League Two,D/WB (L),31,Left,5.9,1,34,"2,937",Not for Sale,"1,200",N/A,1,3,46,9,1,197,71,330,102,86,76,3,38,17,122,46,N/A,80%,172,"1,625",30,5,64,9,1,0,12.9,413.3,0,0,1,0,0.57,4.30
Kenny Whelan,ENG,Salford,Sky Bet League Two,"M (C), AM (RLC)",22,Right,5.6,33,10,"1,629",£300K - £850K,"1,100",N/A,3,1,39,37,15,165,37,240,81,44,30,1,9,1,24,10,N/A,77%,36,635,23,10,59,5,6,0,7.4,235.6,0,0,3,0,4.46,4.27
James Plant,ENG,Oldham,Sky Bet League Two,"D (RC), DM",24,Right,6.2,4,33,"2,902",£70K - £700K,"1,100",N/A,0,1,18,17,5,356,288,287,91,50,32,2,17,7,60,76,N/A,73%,101,"1,307",22,1,10,2,0,3,6.0,409.6,0,0,4,0,0.55,0.95
Reece Madden,ENG,Bristol City,Sky Bet Championship,"D (C), DM",22,Right,5.1,14,1,261,£350K - £3.4M,"1,100",N/A,0,0,3,4,1,11,4,42,14,7,7,0,1,0,5,7,N/A,78%,19,245,7,0,1,1,1,0,14.5,43.9,0,0,0,0,0.08,0.23
Charlie Bonser,ENG,Burton,Sky Bet League One,M/AM (C),24,Right,5.8,1,N/A,9,£0,"1,100",N/A,0,0,0,1,0,1,0,1,1,0,N/A,0,0,0,0,0,N/A,100%,0,3,0,0,0,0,0,0,N/A,0.3,0,0,0,0,0.09,0.00
Adrian Keizer,BRB,Aldershot,Sky Bet League Two,"D (RC), DM, M (C)",20,Right,5.1,3,36,"3,241",£140K - £1.4M,"1,100",N/A,0,4,22,16,3,250,109,434,142,92,66,3,25,16,61,53,N/A,85%,118,"1,781",38,5,48,5,4,0,8.2,444.6,1,0,3,0,2.47,1.92
Owain Preece,WAL,Cardiff,Sky Bet Championship,"M/AM (C), ST (C)",19,Right,5.9,1,N/A,21,£110K - £1.1M,"1,100",N/A,0,0,0,0,N/A,0,N/A,4,1,2,1,1,0,0,0,2,N/A,100%,0,4,0,0,0,0,0,0,N/A,3.0,0,0,0,0,0.00,0.00
Ronan Lally,IRL,Cork City,Irish First Division,"D (C), DM, AM (C)",23,Right,5.7,11,11,990,£24K - £240K,"1,100",N/A,0,1,4,9,1,141,85,71,25,15,15,1,8,4,41,15,N/A,81%,51,675,6,3,2,0,0,0,4.1,122.7,0,0,1,0,1.89,1.19
Alex Dickson,IRL,Shelbourne,Irish Premier Division,"AM (RC), ST (C)",23,Left,5.1,4,4,360,£375K,"1,100",N/A,1,1,2,11,3,80,6,30,16,6,5,1,0,0,1,2,N/A,85%,2,92,4,0,2,0,7,0,4.3,40.1,0,0,1,0,1.00,0.22
Kyle Nelson,IRL,Sheff Wed,Sky Bet League One,"M (L), AM (LC), ST (C)",23,Right,6.0,N/A,N/A,N/A,£220K,"1,100",0.22,N/A,N/A,N/A,N/A,N/A,N/A,N/A,N/A,N/A,N/A,N/A,N/A,N/A,N/A,N/A,N/A,N/A,N/A,N/A,N/A,N/A,N/A,N/A,N/A,N/A,N/A,N/A,N/A,N/A,N/A,N/A,N/A,N/A,N/A
Taylor Baxter,ENG,Watford,Sky Bet League One,D (R),20,Right,6.0,5,N/A,76,£65K - £650K,"1,100",N/A,0,0,0,1,0,9,6,2,0,1,0,0,0,0,5,0,N/A,53%,9,64,0,0,0,0,0,0,2.4,10.9,0,0,1,0,0.08,0.00
Keith Coughlan,IRL,Watford,Sky Bet League One,D (RC),22,Right,6.1,N/A,N/A,N/A,£1.5K - £16K,"1,100",N/A,N/A,N/A,N/A,N/A,N/A,N/A,N/A,N/A,N/A,N/A,N/A,N/A,N/A,N/A,N/A,N/A,N/A,N/A,N/A,N/A,N/A,N/A,N/A,N/A,N/A,N/A,N/A,N/A,N/A,N/A,N/A,N/A,N/A,N/A
Graham O'Shea,ENG,Carlisle,Sky Bet League One,"DM, M (C)",24,Right,5.1,16,7,927,£18K - £170K,"1,100",N/A,0,0,11,5,2,80,53,109,28,14,12,0,8,0,11,13,N/A,81%,51,536,13,3,2,0,0,0,8.9,135.2,0,0,3,0,0.58,0.48
Tom Routledge,ENG,Barnsley,Sky Bet League One,"AM (RLC), ST (C)",22,Right,6.0,7,3,384,£500 - £4.5K,"1,100",N/A,1,0,9,7,2,99,23,45,16,8,5,0,0,0,5,4,N/A,79%,9,112,9,1,5,1,4,0,7.0,53.4,0,0,0,0,0.65,0.76
Ryan Pemberton,ENG,Bournemouth,English Premier Division,D/WB/AM (L),22,Left,5.8,N/A,N/A,N/A,£45K,"1,000",N/A,N/A,N/A,N/A,N/A,N/A,N/A,N/A,N/A,N/A,N/A,N/A,N/A,N/A,N/A,N/A,N/A,N/A,N/A,N/A,N/A,N/A,N/A,N/A,N/A,N/A,N/A,N/A,N/A,N/A,N/A,N/A,N/A,N/A,N/A
Berkay ?nan,TUR,Eyüpspor,Turkish 1. League,D (LC),24,Left,6.3,1,34,"3,079",£325K - £1M,"1,000",N/A,1,4,0,8,2,0,N/A,0,0,68,67,0,0,0,0,0,N/A,68%,0,700,0,0,0,0,0,0,0.0,0.0,0,0,1,0,0.76,0.05
Thomas Lucas,NIR,Blackpool,Sky Bet Championship,"M/AM (R), ST (C)",22,Right,6.2,2,N/A,53,£65K - £650K,"1,000",N/A,0,0,2,1,1,10,6,5,2,1,1,0,1,0,1,2,N/A,71%,1,17,0,0,0,0,0,0,N/A,8.0,0,0,0,0,0.09,0.00
Tom Astley,ENG,Aldershot,Sky Bet League Two,"AM (LC), ST (C)",24,Left,6.0,7,40,"2,973",£16K - £150K,"1,000",N/A,6,2,44,42,17,797,230,318,109,61,50,0,8,3,24,22,N/A,83%,15,762,26,3,31,8,37,0,4.5,386.3,0,0,2,1,5.52,2.18
Edmund Mensah,GHA,Hull,Sky Bet Championship,D (RLC),19,Either,5.6,N/A,N/A,N/A,£65K - £650K,"1,000",N/A,N/A,N/A,N/A,N/A,N/A,N/A,N/A,N/A,N/A,N/A,N/A,N/A,N/A,N/A,N/A,N/A,N/A,N/A,N/A,N/A,N/A,N/A,N/A,N/A,N/A,N/A,N/A,N/A,N/A,N/A,N/A,N/A,N/A,N/A
Jordan Wilson,ENG,Millwall,Sky Bet Championship,"D (RC), DM, M (C)",22,Right,6.2,1,N/A,27,£0 - £18K,"1,000",N/A,0,0,1,0,N/A,3,3,3,0,0,N/A,0,0,0,1,2,N/A,88%,2,26,0,0,5,0,0,0,N/A,4.4,0,0,0,0,0.00,0.00
David Kelly,NIR,Woking,Sky Bet League Two,D/WB (L),23,Left,6.1,38,38,"3,179",£50K - £500K,975,N/A,0,1,34,23,7,284,246,343,106,89,72,1,47,22,181,75,N/A,75%,163,"1,658",37,7,131,17,3,1,11.2,453.5,0,0,10,0,1.28,3.01
Joe Fairs,IRL,Wrexham,Sky Bet League Two,"D/WB (R), M/AM (RC)",23,Right,5.9,4,N/A,55,£110K,975,0.12,0,0,1,1,1,7,2,10,2,2,1,0,1,0,1,0,N/A,82%,1,17,0,0,1,0,0,0,N/A,9.2,0,0,0,0,0.02,0.00
Harrison McDonald,ENG,Millwall,Sky Bet Championship,"M (C), AM (R), ST (C)",22,Right,6.1,N/A,N/A,N/A,£0 - £35K,950,N/A,N/A,N/A,N/A,N/A,N/A,N/A,N/A,N/A,N/A,N/A,N/A,N/A,N/A,N/A,N/A,N/A,N/A,N/A,N/A,N/A,N/A,N/A,N/A,N/A,N/A,N/A,N/A,N/A,N/A,N/A,N/A,N/A,N/A,N/A
Rodney Carson,NIR,Linfield,Danske Bank Premiership,M/AM (C),23,Either,6.2,5,30,"2,359",£90K - £900K,925,N/A,5,0,37,33,12,389,94,407,124,56,43,0,4,0,31,18,N/A,82%,49,875,62,4,18,2,8,0,8.6,335.2,0,0,0,0,3.13,1.43
Kévin Mamah,TOG,Portsmouth,Sky Bet League One,"DM, M/AM (C)",22,Either,5.1,9,3,382,£70K - £700K,925,N/A,0,1,5,2,0,33,9,53,18,6,3,0,5,2,2,5,N/A,80%,13,168,6,0,10,2,0,0,6.4,50.9,0,0,0,0,0.03,1.21
Trevor Deans,IRL,Derry City,Irish Premier Division,"DM, M (C)",24,Right,5.7,2,7,618,£375K - £1.2M,925,N/A,0,1,4,2,0,27,8,69,26,17,16,1,4,2,11,4,N/A,84%,36,400,10,3,2,0,0,0,9.2,78.2,0,0,0,0,0.03,1.71
Luke Walsh,IRL,Crawley,Sky Bet League One,"M (C), AM (RLC)",21,Right,5.1,1,4,384,Not for Sale,900,N/A,1,1,10,9,2,32,8,44,16,3,3,0,3,2,3,7,N/A,88%,6,140,5,1,9,1,4,0,5.2,55.4,0,0,0,0,0.65,0.56
Michael Payne Harrop,ENG,Crewe,Sky Bet League Two,"AM (LC), ST (C)",23,Left,5.1,16,3,510,£210K - £600K,900,N/A,1,0,15,12,5,83,19,60,18,9,8,0,2,1,4,4,N/A,78%,3,151,7,0,13,2,3,0,5.7,72.4,0,0,0,0,2.62,0.16
Stuart Watts,WAL,Leyton Orient,Vanarama National League,"DM, M/AM (C), ST (C)",24,Right,5.1,46,46,"3,722",£190K - £550K,875,N/A,7,6,57,44,14,359,96,564,168,77,58,0,18,0,60,36,N/A,79%,106,"1,790",47,9,38,7,5,0,6.4,495.8,0,0,3,0,5.27,8.06
Brook Myers,ENG,Fleetwood,Sky Bet League One,M/AM (C),26,Right,6.1,6,1,120,£10K - £95K,875,N/A,0,0,0,1,0,15,7,21,5,5,4,0,1,0,0,1,N/A,81%,7,64,1,1,1,0,1,0,6.8,18.9,0,0,0,0,0.07,0.08
Toby Pearson,IRL,Charlton,Sky Bet League One,"M (RC), AM (C)",24,Right,5.9,N/A,N/A,N/A,£30K,875,0.03,N/A,N/A,N/A,N/A,N/A,N/A,N/A,N/A,N/A,N/A,N/A,N/A,N/A,N/A,N/A,N/A,N/A,N/A,N/A,N/A,N/A,N/A,N/A,N/A,N/A,N/A,N/A,N/A,N/A,N/A,N/A,N/A,N/A,N/A
Jonathan Bott,ENG,Aldershot,Sky Bet League Two,D (RC),23,Either,5.1,44,44,"3,714",£18K - £180K,875,N/A,0,0,6,22,3,537,321,176,84,48,39,10,29,28,138,87,N/A,66%,157,"2,562",11,2,5,2,3,0,4.4,459.4,0,0,11,0,1.91,0.47
Jorge Barrington,IRL,Crewe,Sky Bet League Two,"AM (R), ST (C)",21,Right,5.1,23,17,"1,612",£140K - £1.4M,850,N/A,5,2,56,54,26,192,42,234,70,37,33,0,5,1,19,5,N/A,86%,20,571,14,6,55,6,11,0,9.8,217.7,0,0,1,0,5.82,2.19
Michael Roberts,WAL,York,Vanarama National League,"M (C), AM (RC)",22,Right,5.9,22,22,"1,763",£1M - £2M,850,N/A,1,3,35,42,15,254,55,256,76,27,26,0,11,0,27,22,N/A,83%,25,680,22,3,15,0,6,0,8.2,252.9,0,0,5,1,7.32,2.70
Jakob Rosser,ENG,Wolves,Sky Bet Championship,D (L),22,Left,5.1,N/A,N/A,N/A,£0 - £1K,850,N/A,N/A,N/A,N/A,N/A,N/A,N/A,N/A,N/A,N/A,N/A,N/A,N/A,N/A,N/A,N/A,N/A,N/A,N/A,N/A,N/A,N/A,N/A,N/A,N/A,N/A,N/A,N/A,N/A,N/A,N/A,N/A,N/A,N/A,N/A
Uttam Ghosh,IND,Barnsley,Sky Bet League One,D (C),20,Right,6.7,1,N/A,21,£650K - £1.3M,850,N/A,0,0,0,1,0,6,5,1,1,1,1,0,0,0,2,0,N/A,59%,0,17,0,0,0,0,0,0,N/A,2.5,0,0,0,0,0.04,0.00
Christie Hubbard,ENG,West Brom,Sky Bet Championship,D/M (C),22,Right,6.4,N/A,N/A,N/A,£0 - £20K,825,N/A,N/A,N/A,N/A,N/A,N/A,N/A,N/A,N/A,N/A,N/A,N/A,N/A,N/A,N/A,N/A,N/A,N/A,N/A,N/A,N/A,N/A,N/A,N/A,N/A,N/A,N/A,N/A,N/A,N/A,N/A,N/A,N/A,N/A,N/A
David Eggington,NIR,Charlton,Sky Bet League One,GK,24,Right,6.0,N/A,N/A,N/A,£170K,825,0.17,N/A,N/A,N/A,N/A,N/A,N/A,N/A,N/A,N/A,N/A,N/A,N/A,N/A,N/A,N/A,N/A,N/A,N/A,N/A,N/A,N/A,N/A,N/A,N/A,N/A,N/A,N/A,N/A,N/A,N/A,N/A,N/A,N/A,N/A
Patsy Judge,IRL,Charlton,Sky Bet League One,"M (R), AM (RC)",23,Left,5.9,9,N/A,123,£100K - £300K,825,N/A,0,0,2,0,N/A,13,0,16,5,1,1,0,1,0,1,2,N/A,78%,0,40,0,0,7,0,0,0,5.1,16.4,0,0,0,0,0.00,0.00
Karl O'Connor,IRL,Aldershot,Sky Bet League Two,"AM (C), ST (C)",24,Right,5.7,17,17,"1,530",£50K - £500K,800,N/A,5,0,19,30,14,194,35,222,60,34,23,0,9,3,31,14,N/A,82%,27,550,35,3,76,10,5,0,8.2,226.0,2,2,0,0,5.13,1.20
Hamza El Azzouzi,MAR,Charlton,Sky Bet League One,"M (L), AM (RL), ST (C)",23,Right,6.0,N/A,N/A,N/A,£0,800,N/A,N/A,N/A,N/A,N/A,N/A,N/A,N/A,N/A,N/A,N/A,N/A,N/A,N/A,N/A,N/A,N/A,N/A,N/A,N/A,N/A,N/A,N/A,N/A,N/A,N/A,N/A,N/A,N/A,N/A,N/A,N/A,N/A,N/A,N/A
Karl Browne,IRL,Finn Harps,Irish Premier Division,"M/AM (R), ST (C)",23,Left,6.0,11,11,890,£12K - £110K,800,N/A,1,0,19,17,8,205,56,101,18,8,6,0,3,0,9,5,N/A,81%,7,271,8,2,29,6,13,0,6.0,110.7,0,0,0,0,1.45,0.42
Neil Brown,WAL,Cardiff,Sky Bet Championship,"M (L), AM (RL), ST (C)",22,Right,6.1,N/A,N/A,N/A,£0 - £16K,750,N/A,N/A,N/A,N/A,N/A,N/A,N/A,N/A,N/A,N/A,N/A,N/A,N/A,N/A,N/A,N/A,N/A,N/A,N/A,N/A,N/A,N/A,N/A,N/A,N/A,N/A,N/A,N/A,N/A,N/A,N/A,N/A,N/A,N/A,N/A
Jack Deal,ENG,Fleetwood,Sky Bet League One,M/AM (R),22,Right,5.1,9,1,246,£65K - £650K,750,N/A,0,0,10,2,0,23,6,33,9,3,3,0,1,0,4,2,N/A,84%,5,92,4,0,17,1,0,0,8.8,30.6,0,0,1,0,0.14,0.09
Seanan Finkelstein,IRL,Fulham,Sky Bet Championship,D/WB/M (R),21,Right,6.0,N/A,N/A,N/A,£500K - £1.4M,725,N/A,N/A,N/A,N/A,N/A,N/A,N/A,N/A,N/A,N/A,N/A,N/A,N/A,N/A,N/A,N/A,N/A,N/A,N/A,N/A,N/A,N/A,N/A,N/A,N/A,N/A,N/A,N/A,N/A,N/A,N/A,N/A,N/A,N/A,N/A
Désiré Allou,IRL,Shelbourne,Irish Premier Division,D (LC),20,Right,6.2,5,1,162,£90K - £900K,725,N/A,1,0,1,2,2,16,14,15,3,3,3,0,1,4,8,1,N/A,86%,8,91,0,0,2,0,0,0,10.0,19.7,0,0,0,0,0.20,0.01
Luke Lewis,WAL,Sunderland,Sky Bet Championship,"D (C), DM, M (C)",21,Either,6.2,N/A,N/A,N/A,£20K - £190K,725,N/A,N/A,N/A,N/A,N/A,N/A,N/A,N/A,N/A,N/A,N/A,N/A,N/A,N/A,N/A,N/A,N/A,N/A,N/A,N/A,N/A,N/A,N/A,N/A,N/A,N/A,N/A,N/A,N/A,N/A,N/A,N/A,N/A,N/A,N/A
Dale Clulow,AUS,Brisbane Roar,Isuzu UTE A-League,"WB (R), M/AM (C)",23,Right,5.6,23,23,"1,831",£325K,700,N/A,0,0,60,5,0,130,79,249,74,40,31,2,11,6,63,22,N/A,77%,63,801,25,1,148,18,3,0,14.2,275.9,0,0,2,0,0.53,0.66
Ashanti Jeynes,ENG,Charlton,Sky Bet League One,M (C),22,Right,5.1,1,N/A,4,£30K - £300K,675,N/A,0,0,0,0,N/A,0,N/A,0,0,0,N/A,0,0,0,1,0,N/A,50%,0,2,0,0,0,0,0,0,N/A,1.0,0,0,0,0,0.00,0.00
Dino Halilovic,CAN,Wycombe,Sky Bet League Two,"AM (RC), ST (C)",24,Right,5.1,5,39,"3,087",£22K - £210K,675,N/A,4,3,88,43,13,567,111,342,110,42,31,1,13,4,66,30,N/A,80%,57,888,46,11,212,22,26,0,6.9,431.4,0,0,3,0,4.27,3.61
Corey Jackson,IRL,Bohemians,Irish First Division,"M/AM (RL), ST (C)",23,Left,5.9,11,11,872,£95K - £950K,650,N/A,2,3,27,16,7,87,20,113,38,18,15,0,0,0,13,5,N/A,74%,24,297,15,7,58,6,3,0,8.6,115.3,0,0,2,1,0.96,2.58
Connor Spitzers,NED,Forest Green,Sky Bet Championship,GK,22,Right,6.3,N/A,N/A,N/A,£100K - £1M,650,N/A,N/A,N/A,N/A,N/A,N/A,N/A,N/A,N/A,N/A,N/A,N/A,N/A,N/A,N/A,N/A,N/A,N/A,N/A,N/A,N/A,N/A,N/A,N/A,N/A,N/A,N/A,N/A,N/A,N/A,N/A,N/A,N/A,N/A,N/A
David Jenkins,WAL,Hull,Sky Bet Championship,D (RC),20,Right,6.4,N/A,N/A,N/A,£12K - £110K,650,N/A,N/A,N/A,N/A,N/A,N/A,N/A,N/A,N/A,N/A,N/A,N/A,N/A,N/A,N/A,N/A,N/A,N/A,N/A,N/A,N/A,N/A,N/A,N/A,N/A,N/A,N/A,N/A,N/A,N/A,N/A,N/A,N/A,N/A,N/A
Tatenda Phiri,ZIM,Harrogate,Vanarama National League,"WB/M (R), AM (RLC)",24,Either,5.8,9,19,"1,989",£210K,625,N/A,2,2,86,15,4,167,45,278,73,28,24,0,14,0,41,17,N/A,76%,39,640,26,7,129,16,4,0,8.8,271.7,0,0,3,0,2.34,4.22
Ollie Ramage,SCO,Ayr,cinch Championship,"AM (C), ST (C)",22,Right,5.1,14,N/A,261,£20K - £200K,625,N/A,1,0,2,4,3,61,19,21,4,2,2,0,0,0,2,2,N/A,72%,3,108,0,1,0,0,1,0,4.8,33.4,1,1,0,0,0.65,0.13
Iddris Musa,GHA,Asante Kotoko,Ghanaian Premier Division,"D (R), DM, M (C)",23,Right,5.9,1,46,"4,135",£16K - £50K,550,N/A,2,0,1,20,2,35,19,37,14,71,69,0,1,1,6,3,N/A,73%,13,"1,044",4,0,2,0,0,0,0.8,52.4,0,0,3,2,1.86,4.47
Lewis Roberts,ENG,Torquay,Vanarama National League,"D (RLC), M (R)",23,Right,6.1,39,39,"3,182",£325K,550,N/A,0,4,49,11,0,229,180,273,93,68,53,3,15,34,138,48,N/A,74%,164,"1,610",30,5,92,19,3,0,10.8,439.4,0,0,15,2,1.24,4.83
Cameron Palmer,ENG,Sheff Utd,Sky Bet Championship,"AM (R), ST (C)",22,Right,6.2,2,N/A,43,£0 - £28K,550,N/A,1,0,0,1,1,13,7,4,1,0,N/A,0,0,0,0,0,N/A,82%,0,11,2,2,0,0,0,0,N/A,6.3,0,0,0,0,0.43,0.20
Perri Zydonik,ENG,Leyton Orient,Vanarama National League,"M/AM (C), ST (C)",24,Right,6.0,N/A,N/A,N/A,£24K - £240K,550,N/A,N/A,N/A,N/A,N/A,N/A,N/A,N/A,N/A,N/A,N/A,N/A,N/A,N/A,N/A,N/A,N/A,N/A,N/A,N/A,N/A,N/A,N/A,N/A,N/A,N/A,N/A,N/A,N/A,N/A,N/A,N/A,N/A,N/A,N/A
Darren Jones,WAL,Leyton Orient,Vanarama National League,"DM, M/AM (C)",24,Right,5.1,8,5,703,£10K - £100K,550,N/A,0,0,6,7,1,49,22,80,34,13,11,0,2,0,10,6,N/A,86%,30,366,6,0,2,0,0,0,8.7,97.0,0,0,1,0,1.47,0.81
Oneil Staple,JAM,Mount Pleasant FC,Jamaican Premier League,"D/M (R), AM (RC)",24,Right,5.7,32,32,"2,880",£20K - £210K,525,N/A,0,2,0,59,21,0,N/A,0,0,47,45,0,0,0,0,0,N/A,67%,0,640,0,0,0,0,0,0,0.0,0.0,0,0,0,0,5.92,1.55
Shaun Chambers,ENG,Barnet,Sky Bet League Two,"AM (LC), ST (C)",22,Left,6.2,8,4,555,£55K - £550K,525,N/A,1,2,5,12,8,133,30,71,23,10,10,0,2,0,6,2,N/A,78%,9,160,11,1,7,0,8,0,5.8,69.3,1,1,0,0,0.93,1.09
Kyle Houghton,IRL,Cardiff,Sky Bet Championship,D (RC),22,Right,6.2,N/A,N/A,N/A,£12K - £130K,525,N/A,N/A,N/A,N/A,N/A,N/A,N/A,N/A,N/A,N/A,N/A,N/A,N/A,N/A,N/A,N/A,N/A,N/A,N/A,N/A,N/A,N/A,N/A,N/A,N/A,N/A,N/A,N/A,N/A,N/A,N/A,N/A,N/A,N/A,N/A
Marvin Apataki,COD,Fleetwood,Sky Bet League One,"M (R), AM (RL), ST (C)",23,Right,5.7,25,2,611,£20K - £190K,500,N/A,3,0,14,20,10,140,16,63,32,8,8,0,4,1,11,1,N/A,83%,7,173,3,1,14,1,8,0,6.9,85.8,0,0,1,0,1.69,0.45
Jason Watson,AUS,Central Coast Mariners,Isuzu UTE A-League,D (LC),20,Left,6.2,5,5,450,Not for Sale,500,N/A,0,0,2,3,0,40,31,42,12,7,6,1,5,1,25,12,N/A,78%,25,243,5,0,6,0,0,0,14.0,67.7,0,0,1,0,0.20,0.00
Jaquelino Ambrósio,ANG,Preston,Sky Bet Championship,"D (LC), DM, M (C)",21,Left,6.4,1,N/A,7,£500K - £1.1M,500,N/A,0,0,0,1,0,3,2,1,0,1,1,0,0,0,0,1,N/A,80%,1,5,0,0,0,0,0,0,N/A,1.4,0,0,0,0,0.08,0.00